
/* -- Created by MySQLReback class, Power By TTHQ
 -- Http://www.tthq8.com
 -- 主机: localhost
 -- 生成日期: 2016 年  07 月 18 日 12:22
 -- MySQL版本: 5.6.26-log
 -- PHP 版本: 5.3.29
 -- 
 -- 数据库: `qmsb`
 ---------------------------------------------------*/

 /* 创建表结构 `t_aboutus` */
 DROP TABLE IF EXISTS `t_aboutus`;/* MySQLReback Separation */ CREATE TABLE `t_aboutus` (
  `id` int(4) NOT NULL AUTO_INCREMENT,
  `title` varchar(200) NOT NULL COMMENT '标题',
  `des` text COMMENT '简述',
  `content` text COMMENT '内容',
  `webtp` int(4) NOT NULL COMMENT '类型(0,普通单页；1,列表页)',
  `addtime` int(12) NOT NULL COMMENT '发布时间',
  `status` int(2) NOT NULL DEFAULT '1' COMMENT '状态(1,正常;0,停用)',
  PRIMARY KEY (`id`)
) ENGINE=MyISAM AUTO_INCREMENT=14 DEFAULT CHARSET=utf8 COMMENT='关于我们';/* MySQLReback Separation */
 /* 插入数据 `t_aboutus` */
 INSERT INTO `t_aboutus` VALUES ('1','关于我们','关于我们的简述信息','&lt;p&gt;技术支持：&lt;a href=&quot;http://3385054534@qq.com&quot; target=&quot;_self&quot;&gt;3385054534@qq.com&lt;/a&gt;&lt;/p&gt;','0','0','1'),('6','用户协议','全民私包用户协议','&lt;p&gt;xxxx手机客户端（以下简称“xxxx”）是xxxxxxxx提供的，在使用前，请务必认真阅读和理解《xxxx许可使用协议》（以下简称《协议》）中规定的所有权利和限制。除非您接受本《协议》条款，否则您无权下载、安装或使用本“xxxx”及其相关服务。您一旦安装、复制、下载、访问或以其它方式使用xxxx产品，将视为对本《协议》的接受，即表示您同意接受本《协议》各项条款的约束。如果您不同意本《协议》中的条款，请不要安装、复制或使用xxxx手机客户端软件。本《协议》是用户与xxxxxxxx之间关于用户下载、安装、使用、复制的法律协议。&lt;/p&gt;&lt;p&gt;一、总则&lt;/p&gt;&lt;p&gt;1.1本《协议》双方为xxxxxxxx与xxxx用户，本《协议》具有合同效力。&lt;/p&gt;&lt;p&gt;1.2自xxxx用户首次注册“xxxx”使用账号时起，本《协议》即在xxxxxxxx和xxxx用户之间产生法律效力。&lt;/p&gt;','0','1467013417','1'),('7','用户说明22222','用户说明用户说明2222222用户说明用户说明用户说明用户说明用户说明用户说明用户说明','&lt;p&gt;用户说明用户说明用户说明大规模用户载 魂牵梦萦土木工程说明用户说明用户说明用户说明用户说明用户说明&lt;/p&gt;','0','1467013572','1'),('8','如何提现22','如何提现如何提现如何提现如何提现如何提现如何提现222','&lt;p&gt;如何提现如何提现如何提现2222如何提现如何提现如何提现如何提现&lt;/p&gt;','1','1467013701','1'),('9','如何注册','如何注册如何注册如何注册如何注册如何注册如何注册如何注册如何注册如何注册如何注册如何注册','&lt;p&gt;如何注册如何注册如何注册如何注册如何注册如何注册如何注册如何注册&lt;/p&gt;','1','1467014153','1'),('11','如何升级？','升级的简述说明','&lt;p&gt;升级的简述说明&lt;/p&gt;','1','1467014235','1');/* MySQLReback Separation */
 /* 插入数据 `t_aboutus` */
 INSERT INTO `t_aboutus` VALUES ('13','隐私政策','全民私包隐私政策','&lt;p&gt;&lt;span style=&quot;font-family: 微软雅黑, &amp;quot;Microsoft YaHei&amp;quot;;&quot;&gt;引言&amp;nbsp;&lt;/span&gt;&lt;/p&gt;&lt;p&gt;&lt;span style=&quot;font-family: 微软雅黑, &amp;quot;Microsoft YaHei&amp;quot;;&quot;&gt;&amp;nbsp; &amp;nbsp; &amp;nbsp; &amp;nbsp;全民私包重视用户的隐私，隐私权是您重要的权利。您在使用我们的服务时，我们可能会收集和使用您的相关信息。我们希望通过本《隐私政策》向您说明，在使用我们的服务时，我们如何收集、使用、储存和分享这些信息，以及我们为您提供的访问、更新、控制和保护这些信息的方式。本《隐私政策》与您所使用的其明服务息息相关，希望您仔细阅读，在需要时，按照本《隐私政策》的指引，作出您认为适当的选择。本《隐私政策》中涉及的相关技术词汇，我们尽量以简明扼要的表述，并提供进一步说明的链接，以便您的理解。&lt;/span&gt;&lt;/p&gt;&lt;p&gt;&lt;span style=&quot;font-family: 微软雅黑, &amp;quot;Microsoft YaHei&amp;quot;;&quot;&gt;&amp;nbsp;&amp;nbsp;&amp;nbsp;&amp;nbsp;&amp;nbsp;&amp;nbsp;&amp;nbsp;&amp;nbsp;您使用或继续使用我们的服务，即意味着同意我们按照本《隐私政策》收集、使用、储存和分享您的相关信息。&lt;/span&gt;&lt;/p&gt;&lt;p&gt;&lt;span style=&quot;font-family: 微软雅黑, &amp;quot;Microsoft YaHei&amp;quot;;&quot;&gt;&amp;nbsp;&amp;nbsp;&amp;nbsp;&amp;nbsp;&amp;nbsp;&amp;nbsp;&amp;nbsp;&amp;nbsp;如对本《隐私政策》或相关事宜有任何问题，请通过188660666@qq.com与我们联系。&amp;nbsp;&lt;/span&gt;&lt;/p&gt;&lt;p&gt;&lt;span style=&quot;font-family: 微软雅黑, &amp;quot;Microsoft YaHei&amp;quot;;&quot;&gt;&amp;nbsp;&lt;/span&gt;&lt;/p&gt;&lt;p&gt;&lt;span style=&quot;font-family: 微软雅黑, &amp;quot;Microsoft YaHei&amp;quot;;&quot;&gt;我们可能收集的信息&amp;nbsp;&lt;/span&gt;&lt;/p&gt;&lt;p&gt;&lt;span style=&quot;font-family: 微软雅黑, &amp;quot;Microsoft YaHei&amp;quot;;&quot;&gt;&amp;nbsp;&amp;nbsp;&amp;nbsp;&amp;nbsp;&amp;nbsp;&amp;nbsp;&amp;nbsp;&amp;nbsp;我们提供服务时，可能会收集、储存和使用下列与您有关的信息。如果您不提供相关信息，可能无法注册成为我们的用户或无法享受我们提供的某些服务，或者无法达到相关服务拟达到的效果。&amp;nbsp;&lt;/span&gt;&lt;/p&gt;&lt;p&gt;&lt;span style=&quot;font-family: 微软雅黑, &amp;quot;Microsoft YaHei&amp;quot;;&quot;&gt;&lt;br/&gt;&lt;/span&gt;&lt;/p&gt;&lt;p&gt;&lt;span style=&quot;font-family: 微软雅黑, &amp;quot;Microsoft YaHei&amp;quot;;&quot;&gt;您提供的信息 &amp;nbsp;&lt;/span&gt;&lt;/p&gt;&lt;p&gt;&lt;span style=&quot;font-family: 微软雅黑, &amp;quot;Microsoft YaHei&amp;quot;;&quot;&gt;&amp;nbsp;&amp;nbsp;&amp;nbsp;&amp;nbsp;&amp;nbsp;&amp;nbsp;&amp;nbsp;&amp;nbsp;您在注册账户或使用我们的服务时，向我们提供的相关个人信息，例如电话号码、电子邮件或银行卡号等； &amp;nbsp;&lt;/span&gt;&lt;/p&gt;&lt;p&gt;&lt;span style=&quot;font-family: 微软雅黑, &amp;quot;Microsoft YaHei&amp;quot;;&quot;&gt;&amp;nbsp;&amp;nbsp;&amp;nbsp;&amp;nbsp;&amp;nbsp;&amp;nbsp;&amp;nbsp;&amp;nbsp;您通过我们的服务向其他方提供的共享信息，以及您使用我们的服务时所储存的信息。 &amp;nbsp;&lt;/span&gt;&lt;/p&gt;&lt;p&gt;&lt;br/&gt;&lt;/p&gt;&lt;p&gt;&lt;span style=&quot;font-family: 微软雅黑, &amp;quot;Microsoft YaHei&amp;quot;;&quot;&gt;其他方分享的您的信息&lt;/span&gt;&lt;/p&gt;&lt;p&gt;&lt;span style=&quot;font-family: 微软雅黑, &amp;quot;Microsoft YaHei&amp;quot;;&quot;&gt;&amp;nbsp;&amp;nbsp;&amp;nbsp;&amp;nbsp;&amp;nbsp;&amp;nbsp;&amp;nbsp;&amp;nbsp;其他方使用我们的服务时所提供有关您的共享信息。&lt;/span&gt;&lt;/p&gt;&lt;p&gt;&lt;span style=&quot;font-family: 微软雅黑, &amp;quot;Microsoft YaHei&amp;quot;;&quot;&gt;我们获取的您的信息&lt;/span&gt;&lt;/p&gt;&lt;p&gt;&lt;span style=&quot;font-family: 微软雅黑, &amp;quot;Microsoft YaHei&amp;quot;;&quot;&gt;&amp;nbsp;&amp;nbsp;&amp;nbsp;&amp;nbsp;&amp;nbsp;&amp;nbsp;&amp;nbsp;&amp;nbsp;您使用服务时我们可能收集如下信息：&lt;/span&gt;&lt;/p&gt;&lt;p&gt;&lt;span style=&quot;font-family: 微软雅黑, &amp;quot;Microsoft YaHei&amp;quot;;&quot;&gt;&amp;nbsp;&amp;nbsp;&amp;nbsp;&amp;nbsp;&amp;nbsp;&amp;nbsp;&amp;nbsp;&amp;nbsp;日志信息，指您使用我们的服务时，系统可能通过cookies、web beacon或其他方式自动采集的技术信息，包括：设备或软件信息，例如您的移动设备、网页浏览器或用于接入我们服务的其他程序所提供的配置信息、您的IP地址和移动设备所用的版本和设备识别码；&amp;nbsp;&lt;/span&gt;&lt;/p&gt;&lt;p&gt;&lt;span style=&quot;font-family: 微软雅黑, &amp;quot;Microsoft YaHei&amp;quot;;&quot;&gt;&amp;nbsp;&amp;nbsp;&amp;nbsp;&amp;nbsp;&amp;nbsp;&amp;nbsp;&amp;nbsp;&amp;nbsp;在使用我们服务时搜索或浏览的信息，例如您使用的网页搜索词语、访问的社交媒体页url地址，以及您在使用我们服务时浏览或要求提供的其他信息和内容详情；有关您曾使用的移动应用（APP）和其他软件的信息，以及您曾经使用该等移动应用和软件的信息； &amp;nbsp;您通过我们的服务进行通讯的信息，例如曾通讯的账号，以及通讯时间、数据和时长； &amp;nbsp;位置信息，指您开启设备定位功能并使用我们基于位置提供的相关服务时，收集的有关您位置的信息，包括：&lt;/span&gt;&lt;/p&gt;&lt;p&gt;&lt;span style=&quot;font-family: 微软雅黑, &amp;quot;Microsoft YaHei&amp;quot;;&quot;&gt;&amp;nbsp;&amp;nbsp;&amp;nbsp;&amp;nbsp;&amp;nbsp;&amp;nbsp;&amp;nbsp;&amp;nbsp;您通过具有定位功能的移动设备使用我们的服务时，通过GPS或 WiFi等方式收集的您的地理位置信息；&lt;/span&gt;&lt;/p&gt;&lt;p&gt;&lt;span style=&quot;font-family: 微软雅黑, &amp;quot;Microsoft YaHei&amp;quot;;&quot;&gt;&amp;nbsp;&amp;nbsp;&amp;nbsp;&amp;nbsp;&amp;nbsp;&amp;nbsp;&amp;nbsp;&amp;nbsp;您或其他用户提供的包含您所处地理位置的实时信息，例如您提供的 账户信息中包含的您所在地区信息，您或其他人上传的显示您当前或曾经所处地理位置的共享信息，您或其他人共享的照片包含的地理标记信息； &amp;nbsp;您可以通过关闭定位功能，停止对您的地理位置信息的收集。&lt;/span&gt;&lt;/p&gt;&lt;p&gt;&lt;span style=&quot;font-family: 微软雅黑, &amp;quot;Microsoft YaHei&amp;quot;;&quot;&gt;&amp;nbsp;&amp;nbsp;&amp;nbsp;&amp;nbsp;&amp;nbsp;&amp;nbsp;&amp;nbsp;&amp;nbsp;我们可能如何使用信息&lt;/span&gt;&lt;/p&gt;&lt;p&gt;&lt;span style=&quot;font-family: 微软雅黑, &amp;quot;Microsoft YaHei&amp;quot;;&quot;&gt;&amp;nbsp;&amp;nbsp;&amp;nbsp;&amp;nbsp;&amp;nbsp;&amp;nbsp;&amp;nbsp;&amp;nbsp;我们可能将在向您提供服务的过程之中所收集的信息用作下列用途：  向您提供服务；&lt;/span&gt;&lt;/p&gt;&lt;p&gt;&lt;span style=&quot;font-family: 微软雅黑, &amp;quot;Microsoft YaHei&amp;quot;;&quot;&gt;&amp;nbsp;&amp;nbsp;&amp;nbsp;&amp;nbsp;&amp;nbsp;&amp;nbsp;&amp;nbsp;&amp;nbsp;在我们提供服务时，用于身份验证、客户服务、安全防范、诈骗监 测、存档和备份用途，确保我们向您提供的产品和服务的安全性；&lt;/span&gt;&lt;/p&gt;&lt;p&gt;&lt;span style=&quot;font-family: 微软雅黑, &amp;quot;Microsoft YaHei&amp;quot;;&quot;&gt;&amp;nbsp;&amp;nbsp;&amp;nbsp;&amp;nbsp;&amp;nbsp;&amp;nbsp;&amp;nbsp;&amp;nbsp;帮助我们设计新服务，改善我们现有服务；使我们更加了解您如何接 入和使用我们的服务，从而针对性地回应您的个性化需求，例如语言设定、 位置设定、个性化的帮助服务和指示，或对您和其他用户作出其他方面的回应；&lt;/span&gt;&lt;/p&gt;&lt;p&gt;&lt;span style=&quot;font-family: 微软雅黑, &amp;quot;Microsoft YaHei&amp;quot;;&quot;&gt;&amp;nbsp;&amp;nbsp;&amp;nbsp;&amp;nbsp;&amp;nbsp;&amp;nbsp;&amp;nbsp;&amp;nbsp;向您提供与您更加相关的广告以替代普遍投放的广告；评估我们服务 中的广告和其他促销及推广活动的效果，并加以改善；软件认证或管理软件升级；让您参与有关我们产品和服务的调查。&lt;/span&gt;&lt;/p&gt;&lt;p&gt;&lt;span style=&quot;font-family: 微软雅黑, &amp;quot;Microsoft YaHei&amp;quot;;&quot;&gt;&amp;nbsp;&amp;nbsp;&amp;nbsp;&amp;nbsp;&amp;nbsp;&amp;nbsp;&amp;nbsp;&amp;nbsp;为了让您有更好的体验、改善我们的服务或您同意的其他用途，在符合相关法律法规的前提下，我们可能将通过某一项服务所收集的信息，以汇集信息或者个性化的方式，用于我们的其他服务。例如，在您使用我们的一项服务时所收集的信息，可能在另一服务中用于向您提供特定内容，或向您展示与您相&lt;/span&gt;&lt;span style=&quot;font-family: 微软雅黑, &amp;quot;Microsoft YaHei&amp;quot;;&quot;&gt;关的、非普遍推送的信息。如果我们在相关服务中提供了相应选项，您也可以授权我们将该服务所提供和储存的信息用于我们的其他服务。&amp;nbsp;&lt;/span&gt;&lt;/p&gt;&lt;p&gt;&lt;span style=&quot;font-family: 微软雅黑, &amp;quot;Microsoft YaHei&amp;quot;;&quot;&gt;您如何访问和控制自己的个人信息&amp;nbsp;&lt;/span&gt;&lt;/p&gt;&lt;p&gt;&lt;span style=&quot;font-family: 微软雅黑, &amp;quot;Microsoft YaHei&amp;quot;;&quot;&gt;&amp;nbsp;&amp;nbsp;&amp;nbsp;&amp;nbsp;&amp;nbsp;&amp;nbsp;&amp;nbsp;&amp;nbsp;我们将尽一切可能采取适当的技术手段，保证您可以访问、更新和更正自己的注册信息或使用我们的服务时提供的其他个人信息。在访问、更新、更正和删除前述信息时，我们可能会要求您进行身份验证，以保障账户安全。&lt;/span&gt;&lt;/p&gt;&lt;p&gt;&lt;span style=&quot;font-family: 微软雅黑, &amp;quot;Microsoft YaHei&amp;quot;;&quot;&gt;我们可能分享的信息&lt;/span&gt;&lt;/p&gt;&lt;p&gt;&lt;span style=&quot;font-family: 微软雅黑, &amp;quot;Microsoft YaHei&amp;quot;;&quot;&gt;&amp;nbsp;&amp;nbsp;&amp;nbsp;&amp;nbsp;&amp;nbsp;&amp;nbsp;&amp;nbsp;&amp;nbsp;除以下情形外，未经您同意，我们以及我们的关联公司不会与任何第三方分享您的个人信息。&lt;/span&gt;&lt;/p&gt;&lt;p&gt;&lt;span style=&quot;font-family: 微软雅黑, &amp;quot;Microsoft YaHei&amp;quot;;&quot;&gt;&amp;nbsp;&amp;nbsp;&amp;nbsp;&amp;nbsp;&amp;nbsp;&amp;nbsp;&amp;nbsp;&amp;nbsp;我们以及我们的关联公司，可能将您的个人信息与我们的关联公司、合作伙伴及第三方服务供应商、承包商及代理（例如代表我们发出电子邮件或推送通知的通讯服务提供商、为我们提供位置数据的地图服务供应商）分享（他们可能并非位于您所在的法域），用作下列用途：&lt;/span&gt;&lt;/p&gt;&lt;p&gt;&lt;span style=&quot;font-family: 微软雅黑, &amp;quot;Microsoft YaHei&amp;quot;;&quot;&gt;&amp;nbsp;&amp;nbsp;&amp;nbsp;&amp;nbsp;&amp;nbsp;&amp;nbsp;&amp;nbsp;&amp;nbsp;向您提供我们的服务；&lt;/span&gt;&lt;/p&gt;&lt;p&gt;&lt;span style=&quot;font-family: 微软雅黑, &amp;quot;Microsoft YaHei&amp;quot;;&quot;&gt;&amp;nbsp;&amp;nbsp;&amp;nbsp;&amp;nbsp;&amp;nbsp;&amp;nbsp;&amp;nbsp;&amp;nbsp;实现“我们可能如何使用信息”部分所述目的；&lt;/span&gt;&lt;/p&gt;&lt;p&gt;&lt;span style=&quot;font-family: 微软雅黑, &amp;quot;Microsoft YaHei&amp;quot;;&quot;&gt;&amp;nbsp;&amp;nbsp;&amp;nbsp;&amp;nbsp;&amp;nbsp;&amp;nbsp;&amp;nbsp;&amp;nbsp;履行我们在本《隐私政策》中的义务和行使我们 的权利；&lt;/span&gt;&lt;/p&gt;&lt;p&gt;&lt;span style=&quot;font-family: 微软雅黑, &amp;quot;Microsoft YaHei&amp;quot;;&quot;&gt;&amp;nbsp;&amp;nbsp;&amp;nbsp;&amp;nbsp;&amp;nbsp;&amp;nbsp;&amp;nbsp;&amp;nbsp;理解、维护和改善我们的服务。&lt;/span&gt;&lt;/p&gt;&lt;p&gt;&lt;span style=&quot;font-family: 微软雅黑, &amp;quot;Microsoft YaHei&amp;quot;;&quot;&gt;&amp;nbsp;&amp;nbsp;&amp;nbsp;&amp;nbsp;&amp;nbsp;&amp;nbsp;&amp;nbsp;&amp;nbsp;如我们或我们的关联公司与任何上述第三方分享您的个人信息，我们将努力确保该等第三方在使用您的个人信息时遵守本《隐私政策》及我们要求其遵守的其他适当的保密和安全措施。&lt;/span&gt;&lt;/p&gt;&lt;p&gt;&lt;span style=&quot;font-family: 微软雅黑, &amp;quot;Microsoft YaHei&amp;quot;;&quot;&gt;&amp;nbsp;&amp;nbsp;&amp;nbsp;&amp;nbsp;&amp;nbsp;&amp;nbsp;&amp;nbsp;&amp;nbsp;随着我们业务的持续发展，我们以及我们的关联公司有可能进行合并、收购、资产转让或类似的交易，您的个人信息有可能作为此类交易的一部分而被转移。我们将在转移前通知您。&lt;/span&gt;&lt;/p&gt;&lt;p&gt;&lt;span style=&quot;font-family: 微软雅黑, &amp;quot;Microsoft YaHei&amp;quot;;&quot;&gt;&amp;nbsp;&amp;nbsp;&amp;nbsp;&amp;nbsp;&amp;nbsp;&amp;nbsp;&amp;nbsp;&amp;nbsp;我们或我们的关联公司还可能为以下需要而保留、保存或披露您的个人信息：&lt;/span&gt;&lt;/p&gt;&lt;p&gt;&lt;span style=&quot;font-family: 微软雅黑, &amp;quot;Microsoft YaHei&amp;quot;;&quot;&gt;&amp;nbsp;&amp;nbsp;&amp;nbsp;&amp;nbsp;&amp;nbsp;&amp;nbsp;&amp;nbsp;&amp;nbsp;遵守适用的法律法规；&lt;/span&gt;&lt;/p&gt;&lt;p&gt;&lt;span style=&quot;font-family: 微软雅黑, &amp;quot;Microsoft YaHei&amp;quot;;&quot;&gt;&amp;nbsp;&amp;nbsp;&amp;nbsp;&amp;nbsp;&amp;nbsp;&amp;nbsp;&amp;nbsp;&amp;nbsp;遵守法院命令或其他法律程序的规定；&lt;/span&gt;&lt;/p&gt;&lt;p&gt;&lt;span style=&quot;font-family: 微软雅黑, &amp;quot;Microsoft YaHei&amp;quot;;&quot;&gt;&amp;nbsp;&amp;nbsp;&amp;nbsp;&amp;nbsp;&amp;nbsp;&amp;nbsp;&amp;nbsp;&amp;nbsp;遵守相关政府机关的要求。&lt;/span&gt;&lt;/p&gt;&lt;p&gt;&lt;span style=&quot;font-family: 微软雅黑, &amp;quot;Microsoft YaHei&amp;quot;;&quot;&gt;&amp;nbsp;&amp;nbsp;&amp;nbsp;&amp;nbsp;&amp;nbsp;&amp;nbsp;&amp;nbsp;&amp;nbsp;为遵守适用的法律法规、维护社会公共利益，或保护我们的客户、我们或我们的集团公司、其他用户或雇员的人身和财产安全或合法权益所合理必需的用途。&lt;/span&gt;&lt;/p&gt;&lt;p&gt;&lt;br/&gt;&lt;/p&gt;','0','1468407432','1');/* MySQLReback Separation */
 /* 创建表结构 `t_ad` */
 DROP TABLE IF EXISTS `t_ad`;/* MySQLReback Separation */ CREATE TABLE `t_ad` (
  `id` int(10) NOT NULL AUTO_INCREMENT,
  `title` varchar(255) DEFAULT NULL COMMENT '标题',
  `thumb` varchar(255) DEFAULT NULL COMMENT '缩略图',
  `seo_title` varchar(255) DEFAULT NULL COMMENT 'SEO标题',
  `seo_des` text COMMENT 'SEO描述',
  `seo_key` varchar(255) DEFAULT NULL COMMENT 'SEO关键词',
  `description` text COMMENT '简述',
  `content` text COMMENT '内容',
  `hits` int(6) NOT NULL DEFAULT '0' COMMENT '点击数',
  `addtime` int(11) NOT NULL DEFAULT '0' COMMENT '发布时间',
  `editime` int(11) DEFAULT '0' COMMENT '编辑时间',
  `sort` int(11) DEFAULT '0' COMMENT '排序序号',
  `s_time` varchar(12) DEFAULT NULL COMMENT '开始时间',
  `e_time` varchar(12) DEFAULT NULL COMMENT '到期时间',
  `status` int(2) DEFAULT NULL COMMENT '是否启用',
  `uid` int(11) DEFAULT NULL COMMENT '发布人',
  `url` varchar(255) DEFAULT NULL COMMENT '广告链接',
  `mphoto` varchar(255) DEFAULT NULL COMMENT '广告主图',
  PRIMARY KEY (`id`)
) ENGINE=MyISAM AUTO_INCREMENT=6 DEFAULT CHARSET=utf8 COMMENT='广告模型[创建模型时系统创建的表]';/* MySQLReback Separation */
 /* 插入数据 `t_ad` */
 INSERT INTO `t_ad` VALUES ('1','丰田汽车广告','/Upload/image/20160621/1466517888.jpg','','','','广告测试11111广告测试11111广告测试11111广告测试11111广告测试11111','','0','1466344461','1467683911','0','1466265600','1483113600','1','1','http://www.tmall.com','/Upload/image/20160621/1466516852.jpg'),('2','大众汽车广告','/Upload/image/20160621/1466517825.jpg','','','','dfafadfsafdsafasfafsafwdsafs','','0','1466346556','1467683813','0','1466265600','1466870400','1','1','http://www.baidu.com','/Upload/image/20160621/1466517704.jpg'),('3','广告新增状态字段测试','/Upload/image/20160621/1466517773.jpg','','','','dsaffdsafafdas','','0','1466347647','1467683886','0','1466265600','1469808000','1','1','http://www.jd.com','/Upload/image/20160621/1466517779.jpg'),('5','俊网支持广告','/Upload/image/20160705/1467683569.png','','','','广告测试','','0','1467683654','1467683868','0','1467648000','1469894400','1','1','http://www.junnet.net/','/Upload/image/20160705/1467683629.png');/* MySQLReback Separation */
 /* 创建表结构 `t_article` */
 DROP TABLE IF EXISTS `t_article`;/* MySQLReback Separation */ CREATE TABLE `t_article` (
  `id` int(4) NOT NULL AUTO_INCREMENT,
  `tid` int(4) NOT NULL COMMENT '类别ID，关联自t_type',
  `cid` int(4) NOT NULL COMMENT '频道ID，关联自t_channel',
  `title` varchar(200) NOT NULL COMMENT '标题',
  `thumb` varchar(200) DEFAULT NULL COMMENT '缩略图',
  `keywords` varchar(200) DEFAULT NULL COMMENT '关键字',
  `description` text COMMENT '描述',
  `commend` int(4) NOT NULL DEFAULT '0' COMMENT '推荐类型。0为不推荐，1为推荐，可视项目需求另行设置更多',
  `url` varchar(200) DEFAULT NULL COMMENT '文章路径',
  `wrtime` varchar(20) NOT NULL COMMENT '发布时间，以10位时间戳存储',
  `hits` int(10) NOT NULL COMMENT '点击数量',
  `content` text COMMENT '文章正文，以URL编码后保存',
  `sort` int(4) DEFAULT NULL COMMENT '排序序号',
  PRIMARY KEY (`id`)
) ENGINE=MyISAM DEFAULT CHARSET=utf8 COMMENT='文章数据表';/* MySQLReback Separation */
 /* 创建表结构 `t_auth` */
 DROP TABLE IF EXISTS `t_auth`;/* MySQLReback Separation */ CREATE TABLE `t_auth` (
  `id` int(4) NOT NULL AUTO_INCREMENT,
  `rid` int(4) NOT NULL COMMENT '角色ID，关联自t_role',
  `mid` int(4) NOT NULL COMMENT '目录ID，关联自t_menu.多个mid以","隔开',
  PRIMARY KEY (`id`)
) ENGINE=MyISAM AUTO_INCREMENT=67 DEFAULT CHARSET=utf8 COMMENT='权限分配表';/* MySQLReback Separation */
 /* 插入数据 `t_auth` */
 INSERT INTO `t_auth` VALUES ('15','4','25'),('14','4','24'),('13','4','23'),('12','4','22'),('11','4','15'),('10','4','12'),('16','4','1'),('17','4','33'),('18','4','34'),('19','4','41'),('20','4','42'),('21','4','44'),('22','4','45'),('23','3','12'),('24','3','14'),('25','3','18'),('26','3','19'),('27','3','20'),('28','3','21'),('29','3','1'),('30','3','33'),('31','3','34'),('32','3','41'),('33','3','42'),('34','3','44'),('35','3','45'),('45','1','58'),('44','1','57'),('43','1','34'),('42','1','33'),('41','1','1'),('46','1','7'),('47','1','8'),('48','7','82'),('49','7','83'),('50','7','84'),('51','7','41'),('52','7','42'),('53','7','44'),('54','7','45'),('55','6','74'),('56','6','75'),('57','6','76'),('58','6','77'),('59','6','78'),('60','6','79'),('61','6','80'),('62','6','81'),('63','6','41'),('64','6','42'),('65','6','44'),('66','6','45');/* MySQLReback Separation */
 /* 创建表结构 `t_bill` */
 DROP TABLE IF EXISTS `t_bill`;/* MySQLReback Separation */ CREATE TABLE `t_bill` (
  `id` int(12) NOT NULL AUTO_INCREMENT,
  `fromID` int(12) NOT NULL COMMENT '来方ID（0为系统官方）',
  `toID` int(12) NOT NULL COMMENT '去方ID（0为系统官方）',
  `type` int(2) DEFAULT '0' COMMENT '账单类型（0:红包，1:转账，2:提现，3:转账，4:签到，5:升级）',
  `billtp` varchar(50) DEFAULT NULL COMMENT '账单内容物类型（mny：现金，paper：升级券）',
  `billnum` decimal(10,2) DEFAULT NULL COMMENT '账单涉及内容物数量',
  `ordid` int(12) NOT NULL COMMENT '相关订单ID(如为红包则为红包ID，如为签到则为0，其余为各类型对应表ID)',
  `billtime` int(12) NOT NULL COMMENT '账单发生时间',
  `smark` text COMMENT '备注',
  PRIMARY KEY (`id`)
) ENGINE=MyISAM AUTO_INCREMENT=182 DEFAULT CHARSET=utf8 COMMENT='来往账单表';/* MySQLReback Separation */
 /* 插入数据 `t_bill` */
 INSERT INTO `t_bill` VALUES ('1','1','82','0','paper','','8','1466580589',''),('2','1','82','0','paper','','7','1466580604',''),('3','1','82','0','mny','','8','1466580615',''),('4','1','82','0','mny','','7','1466580629',''),('5','1','82','0','paper','','6','1466580706',''),('6','1','82','0','paper','','5','1466580719',''),('7','1','82','0','paper','','4','1466580732',''),('8','1','82','0','mny','','5','1466580815',''),('9','82','1464682815','3','paper','10.00','1','1466593881',''),('10','82','1464682815','3','paper','10.00','2','1466593916',''),('11','82','1464682815','3','paper','10.00','3','1466594040',''),('12','82','1464682815','3','paper','20.00','4','1466594155',''),('13','82','1464682815','3','paper','20.00','5','1466594163',''),('14','82','0','3','mny','50.00','8','1466594810',''),('15','3','1464778609','3','paper','20.00','6','1466594945',''),('16','3','1464778609','3','paper','20.00','7','1466594985',''),('17','3','0','3','mny','10.00','9','1466595709',''),('18','3','0','3','mny','20.00','10','1466654348',''),('19','3','1464778609','3','paper','10.00','8','1466664173',''),('20','0','82','4','paper','1.00','0','1466672653',''),('21','1','93','0','paper','8.00','8','1466678413',''),('22','1','93','0','paper','13.00','7','1466678609',''),('23','1','93','0','mny','75.45','8','1466678623',''),('24','1','93','0','mny','29.97','7','1466678679',''),('25','1','93','0','paper','11.00','6','1466679009',''),('26','1','93','0','paper','14.00','4','1466679121',''),('27','1','93','0','paper','18.00','5','1466679157',''),('28','1','93','0','mny','2.78','5','1466680718',''),('44','1','90','0','paper','16.00','6','1466760508',''),('43','1','90','0','mny','35.07','7','1466760492',''),('42','1','90','0','mny','90.15','8','1466760477',''),('41','1','90','0','paper','2.00','7','1466760461',''),('40','93','0','5','paper','1.00','1','1466691769',''),('45','1','90','0','paper','15.00','5','1466798059','抢红包获得升级券(现金)'),('46','1','90','0','paper','23.00','4','1466858111','抢红包获得升级券(现金)'),('47','90','0','3','mny','100.00','11','1466858265','会员申请提现'),('48','1','92','0','paper','2.00','7','1466859100','抢红包获得升级券(现金)'),('49','4','0','5','paper','1.00','1','1466860210','向上线申请升级耗费升级券'),('50','1','92','0','mny','105.90','8','1466860422','抢红包获得升级券(现金)'),('51','1','92','0','mny','30.69','7','1466860459','抢红包获得升级券(现金)'),('52','1','92','0','paper','30.00','6','1466860614','抢红包获得升级券(现金)'),('54','92','0','3','mny','50.00','12','1466866288','会员申请提现'),('55','1','92','0','paper','15.00','5','1466866325','抢红包获得升级券(现金)'),('56','93','0','3','mny','10.00','13','1466910156','会员申请提现'),('57','1','0','0','mny','42.75','8','1466929974','抢红包获得升级券(现金)'),('58','1','86','0','paper','10.00','7','1466930312','抢红包获得升级券(现金)'),('59','1','86','0','mny','108.15','8','1466930321','抢红包获得升级券(现金)'),('60','1','86','0','mny','34.35','7','1466930331','抢红包获得升级券(现金)'),('61','1','86','0','paper','16.00','6','1466930341','抢红包获得升级券(现金)'),('62','1','86','0','paper','24.00','5','1466930351','抢红包获得升级券(现金)'),('63','1','86','0','paper','23.00','4','1466930359','抢红包获得升级券(现金)'),('64','1','86','0','mny','13.30','5','1466930378','抢红包获得升级券(现金)'),('65','86','0','6','paper','1.00','35','1466946121','审核用户升级耗费升级券'),('66','86','0','6','paper','1.00','35','1466946409','审核用户升级耗费升级券'),('67','86','0','6','paper','1.00','34','1467006755','审核用户升级耗费升级券'),('68','86','0','3','mny','50.00','14','1467010767','会员申请提现'),('69','86','1464778786','3','paper','10.00','9','1467021425','赠送升级券给其它会员'),('70','86','1464778786','3','paper','10.00','10','1467021463','赠送升级券给其它会员'),('71','4','1467098301','3','paper','10.00','11','1467101188','赠送升级券给其它会员'),('72','0','3','4','paper','1.00','0','1467110973','签到获得升级券'),('73','1','82','0','mny','107.70','9','1467111914','抢红包获得升级券(现金)'),('74','1','4','0','mny','109.10','9','1467111932','抢红包获得升级券(现金)'),('75','1','4','0','paper','12.00','9','1467112083','抢红包获得升级券(现金)'),('76','1','82','0','paper','12.00','9','1467112304','抢红包获得升级券(现金)'),('77','0','4','4','paper','1.00','0','1467112354','签到获得升级券'),('78','1','97','0','paper','8.00','9','1467113097','抢红包获得升级券(现金)'),('79','1','4','0','mny','11.07','10','1467113938','抢红包获得升级券(现金)'),('80','1','82','0','mny','12.78','10','1467113972','抢红包获得升级券(现金)'),('81','1','4','0','paper','11.00','19','1467173029','抢红包获得升级券(现金)'),('82','4','0','3','mny','50.00','15','1467190401','会员申请提现'),('83','1','3','0','paper','11.00','19','1467190444','抢红包获得升级券(现金)'),('84','1','90','0','mny','58.50','13','1467195589','抢红包获得升级券(现金)');/* MySQLReback Separation */
 /* 插入数据 `t_bill` */
 INSERT INTO `t_bill` VALUES ('85','1','3','0','paper','8.00','9','1467212318','抢红包获得升级券(现金)');/* MySQLReback Separation */
 /* 插入数据 `t_bill` */
 INSERT INTO `t_bill` VALUES ('86','1','3','0','mny','4.93','12','1467277858','抢红包获得升级券(现金)'),('87','4','0','6','paper','1.00','36','1467424311','审核用户升级耗费升级券'),('88','1','4','0','mny','11.64','12','1467424645','抢红包获得升级券(现金)'),('89','1','5','0','mny','64.20','13','1467424674','抢红包获得升级券(现金)'),('90','1','5','0','paper','13.00','19','1467424742','抢红包获得升级券(现金)'),('91','1','5','0','mny','12.33','12','1467424780','抢红包获得升级券(现金)'),('92','1','4','0','mny','59.15','13','1467424859','抢红包获得升级券(现金)'),('93','0','97','1','mny','20.00','1','1467628083','系统管理员赠送获得升级券(现金)'),('94','0','97','1','paper','10.00','1','1467628439','系统管理员赠送获得升级券(现金)'),('95','0','4','1','mny','100.00','1','1467628975','系统管理员赠送获得升级券(现金)'),('96','0','4','1','paper','100.00','1','1467629004','系统管理员赠送获得升级券(现金)'),('97','0','92','1','mny','10.00','1','1467629103','系统管理员赠送获得升级券(现金)'),('98','1','5','0','paper','9.00','9','1467629332','抢红包获得升级券(现金)'),('99','5','0','3','mny','10.00','16','1467646300','会员申请提现'),('100','5','1464778786','3','paper','10.00','12','1467646590','赠送升级券给其它会员'),('101','0','93','4','paper','1.00','0','1467647416','签到获得升级券'),('102','93','1464685147','3','paper','15.00','13','1467647532','赠送升级券给其它会员'),('103','93','1464685147','3','paper','15.00','14','1467647581','赠送升级券给其它会员'),('104','0','93','1','paper','50.00','1','1467647638','系统管理员赠送获得升级券(现金)'),('105','93','1464685147','3','paper','10.00','15','1467647689','赠送升级券给其它会员'),('106','93','1464685147','3','paper','10.00','16','1467687628','赠送升级券给其它会员'),('107','1','103','0','paper','11.00','19','1467706218','抢红包获得升级券(现金)'),('108','103','0','6','paper','1.00','37','1467712882','审核用户升级耗费升级券'),('109','1','107','0','paper','8.00','19','1467720209','抢红包获得升级券(现金)'),('110','103','0','6','paper','2.00','38','1467720454','审核用户升级耗费升级券'),('111','107','0','6','paper','1.00','40','1467721016','审核用户升级耗费升级券'),('112','103','0','6','paper','3.00','39','1467721121','审核用户升级耗费升级券'),('113','103','0','6','paper','2.00','41','1467721243','审核用户升级耗费升级券'),('114','0','107','1','paper','100.00','1','1467721450','系统管理员赠送获得升级券(现金)'),('115','103','0','6','paper','3.00','42','1467721643','审核用户升级耗费升级券'),('116','0','103','1','paper','100.00','1','1467721723','系统管理员赠送获得升级券(现金)'),('117','103','0','6','paper','4.00','43','1467721730','审核用户升级耗费升级券'),('118','103','0','6','paper','5.00','44','1467721770','审核用户升级耗费升级券'),('119','0','108','1','paper','100.00','1','1467722245','系统管理员赠送获得升级券(现金)'),('120','108','0','6','paper','1.00','45','1467722263','审核用户升级耗费升级券'),('121','107','0','6','paper','2.00','46','1467722315','审核用户升级耗费升级券'),('122','1','109','0','paper','1.00','19','1467724006','抢红包获得升级券(现金)'),('123','1','82','0','paper','8.00','19','1467726535','抢红包获得升级券(现金)'),('124','1','82','0','mny','46.90','13','1467726737','抢红包获得升级券(现金)'),('125','1','82','0','mny','9.86','12','1467726907','抢红包获得升级券(现金)'),('126','1','109','0','mny','45.65','13','1467779616','抢红包获得升级券(现金)'),('127','1','109','0','mny','13.15','12','1467779638','抢红包获得升级券(现金)'),('128','103','0','6','paper','3.00','47','1467779819','审核用户升级耗费升级券'),('129','1','107','0','paper','1.00','20','1467785643','抢红包获得升级券(现金)'),('130','1','107','0','mny','0.12','14','1467785671','抢红包获得升级券(现金)'),('131','1','107','0','mny','64.25','13','1467785704','抢红包获得升级券(现金)'),('132','109','0','6','paper','1.00','48','1467786121','审核用户升级耗费升级券'),('133','1','103','0','paper','0.00','20','1467789275','抢红包获得升级券(现金)'),('134','1','103','0','mny','0.08','14','1467789297','抢红包获得升级券(现金)'),('135','1','82','0','paper','1.00','20','1467797201','抢红包获得升级券(现金)'),('136','1','82','0','mny','0.05','14','1467797257','抢红包获得升级券(现金)'),('137','82','0','3','mny','100.00','17','1467800547','会员申请提现'),('138','1','111','0','paper','15.00','19','1467801086','抢红包获得升级券(现金)'),('139','111','0','6','paper','1.00','51','1467801156','审核用户升级耗费升级券'),('140','1','102','0','paper','2.00','20','1467803283','抢红包获得升级券(现金)'),('141','1','111','0','mny','0.55','15','1467804252','抢红包获得升级券(现金)');/* MySQLReback Separation */
 /* 插入数据 `t_bill` */
 INSERT INTO `t_bill` VALUES ('142','1','103','0','mny','0.30','15','1467806177','抢红包获得升级券(现金)'),('143','1','103','0','paper','14.00','21','1467806470','抢红包获得升级券(现金)'),('144','1','112','0','mny','0.70','15','1467820686','抢红包获得升级券(现金)'),('145','103','0','6','paper','4.00','53','1467821175','审核用户升级耗费升级券'),('146','103','0','6','paper','5.00','54','1467821238','审核用户升级耗费升级券'),('147','1','3','0','paper','10.00','22','1467865338','抢红包获得升级券(现金)'),('148','1','107','0','paper','14.00','21','1467881280','抢红包获得升级券(现金)'),('149','1','107','0','mny','0.70','15','1467881307','抢红包获得升级券(现金)'),('150','1','107','0','paper','10.00','22','1467881337','抢红包获得升级券(现金)'),('151','1','109','0','paper','10.00','22','1467893804','抢红包获得升级券(现金)'),('152','1','4','0','paper','10.00','22','1467904221','抢红包获得升级券(现金)'),('153','1','4','0','paper','4.00','21','1467904250','抢红包获得升级券(现金)'),('154','1','4','0','mny','0.50','15','1467904270','抢红包获得升级券(现金)'),('155','109','0','6','paper','2.00','52','1467906890','审核用户升级耗费升级券'),('156','108','0','6','paper','2.00','55','1467907081','审核用户升级耗费升级券'),('157','108','0','6','paper','3.00','56','1467907178','审核用户升级耗费升级券'),('158','1','112','0','paper','8.00','21','1467910375','抢红包获得升级券(现金)'),('159','1','112','0','paper','10.00','22','1467910417','抢红包获得升级券(现金)'),('160','1','103','0','paper','10.00','22','1467951796','抢红包获得升级券(现金)'),('161','1','111','0','paper','10.00','22','1467951967','抢红包获得升级券(现金)'),('162','1','111','0','paper','6.00','21','1467951995','抢红包获得升级券(现金)'),('163','1','116','0','paper','10.00','22','1467952404','抢红包获得升级券(现金)'),('164','1','116','0','paper','16.00','21','1467952648','抢红包获得升级券(现金)'),('165','1','116','0','mny','0.55','15','1467952660','抢红包获得升级券(现金)'),('166','1','97','0','paper','10.00','22','1467955532','抢红包获得升级券(现金)'),('167','1','97','0','paper','11.00','21','1467955547','抢红包获得升级券(现金)'),('168','107','0','6','paper','3.00','57','1468244485','审核用户升级耗费升级券'),('169','103','0','6','paper','4.00','58','1468244800','审核用户升级耗费升级券'),('170','1','3','0','paper','6.00','21','1468333136','抢红包获得升级券(现金)'),('171','1','3','0','mny','0.70','15','1468333153','抢红包获得升级券(现金)'),('172','0','112','4','paper','1.00','0','1468381939','签到获得升级券'),('173','1','92','0','paper','10.00','22','1468397134','抢红包获得升级券(现金)'),('174','85','0','6','paper','1.00','50','1468411258','审核用户升级耗费升级券'),('175','122','0','3','mny','-10.00','18','1468486652','会员申请提现'),('176','122','0','3','mny','10.00','19','1468486725','会员申请提现'),('177','1','108','0','paper','10.00','21','1468486809','抢红包获得升级券(现金)'),('178','1','117','0','mny','0.30','15','1468492006','抢红包获得升级券(现金)'),('179','1','109','0','paper','11.00','21','1468497146','抢红包获得升级券(现金)'),('180','1','109','0','mny','0.35','15','1468497155','抢红包获得升级券(现金)'),('181','1','108','0','mny','0.15','15','1468748374','抢红包获得升级券(现金)');/* MySQLReback Separation */
 /* 创建表结构 `t_channel` */
 DROP TABLE IF EXISTS `t_channel`;/* MySQLReback Separation */ CREATE TABLE `t_channel` (
  `id` int(4) NOT NULL AUTO_INCREMENT,
  `model` varchar(100) NOT NULL COMMENT '内容模型',
  `type` int(4) NOT NULL DEFAULT '0' COMMENT '栏目类型(0为列表，1为链接)',
  `mid` int(4) NOT NULL COMMENT '内容模型ID',
  `pid` int(4) NOT NULL DEFAULT '0' COMMENT '上级栏目ID',
  `mark` varchar(100) NOT NULL DEFAULT '0' COMMENT '栏目标识符',
  `name` varchar(200) NOT NULL COMMENT '栏目名称',
  `nick` varchar(200) DEFAULT NULL COMMENT '栏目别称',
  `dir` varchar(200) DEFAULT NULL COMMENT '附加参数',
  `thumb` varchar(200) DEFAULT NULL COMMENT '栏目图片',
  `url` varchar(200) DEFAULT NULL COMMENT '栏目路径',
  `sort` int(4) NOT NULL DEFAULT '0' COMMENT '栏目排序',
  `is_show` int(4) NOT NULL DEFAULT '1' COMMENT '是否显示，1为显示，0为隐藏',
  `is_target` int(4) NOT NULL DEFAULT '0' COMMENT '是否新窗口打开。1为是，0为否',
  `seo_title` varchar(200) DEFAULT NULL COMMENT 'SEO标题',
  `seo_key` varchar(200) DEFAULT NULL COMMENT 'SEO关键字',
  `seo_des` text COMMENT 'SEO描述',
  `pgsize` int(4) DEFAULT '20' COMMENT '列表页数据条数',
  PRIMARY KEY (`id`)
) ENGINE=MyISAM AUTO_INCREMENT=12 DEFAULT CHARSET=utf8 COMMENT='前台栏目表';/* MySQLReback Separation */
 /* 插入数据 `t_channel` */
 INSERT INTO `t_channel` VALUES ('1','sys','0','0','0','0','首页','Home','/','','','0','1','0','','','','20'),('2','news','0','1','0','0','资讯中心','News','index.php/News/lists','','','0','1','0','','','','20'),('3','news','0','1','2','0','行业资讯','HY News','index.php/News/lists/cid/1','','','0','1','0','','','','20'),('4','news','0','1','2','0','企业新闻','QY News','index.php/News/lists/cid/2','','','0','1','0','','','','20'),('5','product','0','2','0','0','产品中心','Products','index.php/Product/lists','','','0','1','0','','','','20'),('6','product','0','2','5','222','鞋类','Shoes','index.php/Product/lists/cid/1','','','0','1','0','其它产品-我们是大自然的搬运工','产品,农夫,山泉,有点田,哈哈','其它产品-我们是大自然的搬运工其它产品-我们是大自然的搬运工其它产品-我们是大自然的搬运工其它产品-我们是大自然的搬运工','20'),('7','product','0','2','5','0','服装','Clothes','index.php/Product/lists/cid/2','','','0','1','0','','','','20'),('9','single','1','0','0','ctus','联系我们','Contact us','','','#Site_root#/Single/show/id/1','0','1','0','联系我们 - TTCMS2.0   来自资深PHP攻城狮的倾情奉献','联系,方式,TTCMS,偷天,换钱,PHP,Bootstrap,Html5,响应式',' 来自资深PHP攻城狮偷天换钱【原名偷天换芪】的倾情奉献','20'),('10','product','0','0','5','5','其它产品','Other','','','','1','1','0','其它产品-我们是大自然的搬运工','产品,大自然,搬运工,农夫,山泉,有点甜','其它产品-我们是大自然的搬运工','20'),('11','news','0','0','2','notice','公司公告','Notice','','','','0','0','1','公告-TTCMS','公告,勿谓,言之,不预也','公告-TTCMS公告-TTCMS公告-TTCMS公告-TTCMS','20');/* MySQLReback Separation */
 /* 创建表结构 `t_config` */
 DROP TABLE IF EXISTS `t_config`;/* MySQLReback Separation */ CREATE TABLE `t_config` (
  `id` int(11) NOT NULL AUTO_INCREMENT,
  `config_name` varchar(200) DEFAULT NULL COMMENT '设置名称',
  `config_value` text COMMENT '设置内容(以JSON文本模式存储所有设置参数)',
  `config_tag` varchar(50) NOT NULL COMMENT '设置标识符',
  PRIMARY KEY (`id`)
) ENGINE=MyISAM AUTO_INCREMENT=4 DEFAULT CHARSET=utf8 COMMENT='系统设置表';/* MySQLReback Separation */
 /* 插入数据 `t_config` */
 INSERT INTO `t_config` VALUES ('1','系统基础信息设置','{\"dftPWD\":\"123456\",\"dftSafe\":\"123456789\",\"WXappid\":\"wxb171b9af1140e29c\",\"WXappsecret\":\"89f4e4c76238d33ca536112a1ee347c0 \",\"WXtoken\":\"ttcms2016\",\"mny_lv1\":\"10\",\"mny_lv2\":\"20\",\"mny_lv3\":\"40\",\"mny_lv4\":\"80\",\"mny_lv5\":\"160\",\"0\":\"Admin\",\"1\":\"Set\",\"2\":\"savebasic\",\"copyrighter\":\"\"}','basic'),('3','系统业务信息设置','','system'),('2','邮箱信息设置','{\"status\":\"0\",\"service\":\"smtp.ym.163.com\",\"srvPort\":\"25\",\"smtpUsr\":\"sys@tthq8.com\",\"seo_key\":\"wqgyjh8890\",\"seo_desc\":\"sys@tthq8.com\",\"0\":\"Admin\",\"1\":\"Set\",\"2\":\"savemail\"}','mail');/* MySQLReback Separation */
 /* 创建表结构 `t_feedback` */
 DROP TABLE IF EXISTS `t_feedback`;/* MySQLReback Separation */ CREATE TABLE `t_feedback` (
  `id` int(6) NOT NULL AUTO_INCREMENT,
  `typestr` varchar(100) NOT NULL COMMENT '留言类型',
  `content` text COMMENT '留言内容',
  `mid` int(10) NOT NULL COMMENT '发布人',
  `addtime` int(11) NOT NULL COMMENT '发布时间',
  `dotime` int(11) DEFAULT NULL COMMENT '处理时间',
  `dousr` int(11) DEFAULT NULL COMMENT '处理人',
  `domsg` text COMMENT '处理意见',
  `status` int(2) NOT NULL COMMENT '状态(0：待处理，1:已处理)',
  PRIMARY KEY (`id`)
) ENGINE=MyISAM AUTO_INCREMENT=3 DEFAULT CHARSET=utf8 COMMENT='意见反馈表';/* MySQLReback Separation */
 /* 插入数据 `t_feedback` */
 INSERT INTO `t_feedback` VALUES ('1','建议提交','意见提交测试','4','1467109691','1467203183','1','第三次回复测试','1'),('2','升级问题','你好，怎么手机','5','1467646715','1467646782','1','eb gai','1');/* MySQLReback Separation */
 /* 创建表结构 `t_gift` */
 DROP TABLE IF EXISTS `t_gift`;/* MySQLReback Separation */ CREATE TABLE `t_gift` (
  `id` int(12) NOT NULL AUTO_INCREMENT,
  `usrid` int(12) NOT NULL COMMENT '管理员ID',
  `mid` int(12) NOT NULL COMMENT '赠送至会员ID',
  `gift_tp` int(2) NOT NULL DEFAULT '0' COMMENT '赠送类型（0为升级券;1为现金）',
  `nums` decimal(10,2) NOT NULL COMMENT '赠送数量',
  `remark` text COMMENT '说明',
  `addtime` int(11) NOT NULL COMMENT '赠送时间',
  PRIMARY KEY (`id`)
) ENGINE=MyISAM AUTO_INCREMENT=9 DEFAULT CHARSET=utf8 COMMENT='系统赠送表';/* MySQLReback Separation */
 /* 插入数据 `t_gift` */
 INSERT INTO `t_gift` VALUES ('1','1','97','0','10.00','赠送测试','1467628439'),('2','1','4','1','100.00','现金赠送测试','1467628975'),('3','1','4','0','100.00','','1467629004'),('4','1','92','1','10.00','服务器赠送测试','1467629103'),('5','1','93','0','50.00','111','1467647638'),('6','1','107','0','100.00','','1467721450'),('7','1','103','0','100.00','','1467721723'),('8','1','108','0','100.00','','1467722245');/* MySQLReback Separation */
 /* 创建表结构 `t_icons` */
 DROP TABLE IF EXISTS `t_icons`;/* MySQLReback Separation */ CREATE TABLE `t_icons` (
  `id` int(4) NOT NULL AUTO_INCREMENT,
  `icons` char(60) NOT NULL COMMENT '图标名称',
  PRIMARY KEY (`id`)
) ENGINE=MyISAM AUTO_INCREMENT=863 DEFAULT CHARSET=utf8 COMMENT='系统图标表';/* MySQLReback Separation */
 /* 插入数据 `t_icons` */
 INSERT INTO `t_icons` VALUES ('1','fa-500px'),('2','fa-amazon'),('3','fa-balance-scale'),('4','fa-battery-0'),('5','fa-battery-1'),('6','fa-battery-2'),('7','fa-battery-3'),('8','fa-battery-4'),('9','fa-battery-empty'),('10','fa-battery-full'),('11','fa-battery-half'),('12','fa-battery-quarter'),('13','fa-battery-three-quarters'),('14','fa-black-tie'),('15','fa-calendar-check-o'),('16','fa-calendar-minus-o'),('17','fa-calendar-plus-o'),('18','fa-calendar-times-o'),('19','fa-cc-diners-club'),('20','fa-cc-jcb'),('21','fa-chrome'),('22','fa-clone'),('23','fa-commenting'),('24','fa-commenting-o'),('25','fa-contao'),('26','fa-creative-commons'),('27','fa-expeditedssl'),('28','fa-firefox'),('29','fa-fonticons'),('30','fa-genderless'),('31','fa-get-pocket'),('32','fa-gg'),('33','fa-gg-circle'),('34','fa-hand-grab-o'),('35','fa-hand-lizard-o'),('36','fa-hand-paper-o'),('37','fa-hand-peace-o'),('38','fa-hand-pointer-o'),('39','fa-hand-rock-o'),('40','fa-hand-scissors-o'),('41','fa-hand-spock-o'),('42','fa-hand-stop-o'),('43','fa-hourglass'),('44','fa-hourglass-1'),('45','fa-hourglass-2'),('46','fa-hourglass-3'),('47','fa-hourglass-end'),('48','fa-hourglass-half'),('49','fa-hourglass-o'),('50','fa-hourglass-start'),('51','fa-houzz'),('52','fa-i-cursor'),('53','fa-industry'),('54','fa-internet-explorer'),('55','fa-map'),('56','fa-map-o'),('57','fa-map-pin'),('58','fa-map-signs'),('59','fa-mouse-pointer'),('60','fa-object-group'),('61','fa-object-ungroup'),('62','fa-odnoklassniki'),('63','fa-odnoklassniki-square'),('64','fa-opencart'),('65','fa-opera'),('66','fa-optin-monster'),('67','fa-registered'),('68','fa-safari'),('69','fa-sticky-note'),('70','fa-sticky-note-o'),('71','fa-television'),('72','fa-trademark'),('73','fa-tripadvisor'),('74','fa-tv'),('75','fa-vimeo'),('76','fa-wikipedia-w'),('77','fa-y-combinator'),('78','fa-yc'),('79','fa-adjust'),('80','fa-anchor'),('81','fa-archive'),('82','fa-area-chart'),('83','fa-arrows'),('84','fa-arrows-h'),('85','fa-arrows-v'),('86','fa-asterisk'),('87','fa-at'),('88','fa-automobile'),('89','fa-balance-scale'),('90','fa-ban'),('91','fa-bank'),('92','fa-bar-chart'),('93','fa-bar-chart-o'),('94','fa-barcode'),('95','fa-bars'),('96','fa-battery-0'),('97','fa-battery-1'),('98','fa-battery-2'),('99','fa-battery-3'),('100','fa-battery-4'),('101','fa-battery-empty'),('102','fa-battery-full'),('103','fa-battery-half'),('104','fa-battery-quarter'),('105','fa-battery-three-quarters'),('106','fa-bed'),('107','fa-beer'),('108','fa-bell'),('109','fa-bell-o'),('110','fa-bell-slash'),('111','fa-bell-slash-o'),('112','fa-bicycle'),('113','fa-binoculars'),('114','fa-birthday-cake'),('115','fa-bolt'),('116','fa-bomb'),('117','fa-book'),('118','fa-bookmark'),('119','fa-bookmark-o'),('120','fa-briefcase'),('121','fa-bug'),('122','fa-building'),('123','fa-building-o'),('124','fa-bullhorn'),('125','fa-bullseye'),('126','fa-bus'),('127','fa-cab'),('128','fa-calculator'),('129','fa-calendar'),('130','fa-calendar-check-o'),('131','fa-calendar-minus-o'),('132','fa-calendar-o'),('133','fa-calendar-plus-o'),('134','fa-calendar-times-o'),('135','fa-camera'),('136','fa-camera-retro'),('137','fa-car'),('138','fa-caret-square-o-down'),('139','fa-caret-square-o-left'),('140','fa-caret-square-o-right'),('141','fa-caret-square-o-up'),('142','fa-cart-arrow-down'),('143','fa-cart-plus'),('144','fa-cc'),('145','fa-certificate'),('146','fa-check'),('147','fa-check-circle'),('148','fa-check-circle-o'),('149','fa-check-square'),('150','fa-check-square-o'),('151','fa-child'),('152','fa-circle'),('153','fa-circle-o'),('154','fa-circle-o-notch'),('155','fa-circle-thin'),('156','fa-clock-o'),('157','fa-clone'),('158','fa-close'),('159','fa-cloud'),('160','fa-cloud-download'),('161','fa-cloud-upload'),('162','fa-code'),('163','fa-code-fork'),('164','fa-coffee'),('165','fa-cog'),('166','fa-cogs'),('167','fa-comment'),('168','fa-comment-o'),('169','fa-commenting'),('170','fa-commenting-o'),('171','fa-comments'),('172','fa-comments-o'),('173','fa-compass'),('174','fa-copyright'),('175','fa-creative-commons'),('176','fa-credit-card'),('177','fa-crop'),('178','fa-crosshairs'),('179','fa-cube'),('180','fa-cubes'),('181','fa-cutlery'),('182','fa-dashboard'),('183','fa-database'),('184','fa-desktop'),('185','fa-diamond'),('186','fa-dot-circle-o'),('187','fa-download'),('188','fa-edit'),('189','fa-ellipsis-h'),('190','fa-ellipsis-v'),('191','fa-envelope'),('192','fa-envelope-o'),('193','fa-envelope-square'),('194','fa-eraser'),('195','fa-exchange'),('196','fa-exclamation'),('197','fa-exclamation-circle'),('198','fa-exclamation-triangle'),('199','fa-external-link'),('200','fa-external-link-square'),('201','fa-eye'),('202','fa-eye-slash'),('203','fa-eyedropper'),('204','fa-fax'),('205','fa-feed'),('206','fa-female'),('207','fa-fighter-jet'),('208','fa-file-archive-o'),('209','fa-file-audio-o'),('210','fa-file-code-o'),('211','fa-file-excel-o'),('212','fa-file-image-o'),('213','fa-file-movie-o'),('214','fa-file-pdf-o'),('215','fa-file-photo-o'),('216','fa-file-picture-o'),('217','fa-file-powerpoint-o'),('218','fa-file-sound-o'),('219','fa-file-video-o'),('220','fa-file-word-o'),('221','fa-file-zip-o'),('222','fa-film'),('223','fa-filter'),('224','fa-fire'),('225','fa-fire-extinguisher'),('226','fa-flag'),('227','fa-flag-checkered'),('228','fa-flag-o'),('229','fa-flash'),('230','fa-flask');/* MySQLReback Separation */
 /* 插入数据 `t_icons` */
 INSERT INTO `t_icons` VALUES ('231','fa-folder');/* MySQLReback Separation */
 /* 插入数据 `t_icons` */
 INSERT INTO `t_icons` VALUES ('232','fa-folder-o'),('233','fa-folder-open'),('234','fa-folder-open-o'),('235','fa-frown-o'),('236','fa-futbol-o'),('237','fa-gamepad'),('238','fa-gavel'),('239','fa-gear'),('240','fa-gears'),('241','fa-gift'),('242','fa-glass'),('243','fa-globe'),('244','fa-graduation-cap'),('245','fa-group'),('246','fa-hand-grab-o'),('247','fa-hand-lizard-o'),('248','fa-hand-paper-o'),('249','fa-hand-peace-o'),('250','fa-hand-pointer-o'),('251','fa-hand-rock-o'),('252','fa-hand-scissors-o'),('253','fa-hand-spock-o'),('254','fa-hand-stop-o'),('255','fa-hdd-o'),('256','fa-headphones'),('257','fa-heart'),('258','fa-heart-o'),('259','fa-heartbeat'),('260','fa-history'),('261','fa-home'),('262','fa-hotel'),('263','fa-hourglass'),('264','fa-hourglass-1'),('265','fa-hourglass-2'),('266','fa-hourglass-3'),('267','fa-hourglass-end'),('268','fa-hourglass-half'),('269','fa-hourglass-o'),('270','fa-hourglass-start'),('271','fa-i-cursor'),('272','fa-image'),('273','fa-inbox'),('274','fa-industry'),('275','fa-info'),('276','fa-info-circle'),('277','fa-institution'),('278','fa-key'),('279','fa-keyboard-o'),('280','fa-language'),('281','fa-laptop'),('282','fa-leaf'),('283','fa-legal'),('284','fa-lemon-o'),('285','fa-level-down'),('286','fa-level-up'),('287','fa-life-bouy'),('288','fa-life-buoy'),('289','fa-life-ring'),('290','fa-life-saver'),('291','fa-lightbulb-o'),('292','fa-line-chart'),('293','fa-location-arrow'),('294','fa-lock'),('295','fa-magic'),('296','fa-magnet'),('297','fa-mail-forward'),('298','fa-mail-reply'),('299','fa-mail-reply-all'),('300','fa-male'),('301','fa-map'),('302','fa-map-marker'),('303','fa-map-o'),('304','fa-map-pin'),('305','fa-map-signs'),('306','fa-meh-o'),('307','fa-microphone'),('308','fa-microphone-slash'),('309','fa-minus'),('310','fa-minus-circle'),('311','fa-minus-square'),('312','fa-minus-square-o'),('313','fa-mobile'),('314','fa-mobile-phone'),('315','fa-money'),('316','fa-moon-o'),('317','fa-mortar-board'),('318','fa-motorcycle'),('319','fa-mouse-pointer'),('320','fa-music'),('321','fa-navicon'),('322','fa-newspaper-o'),('323','fa-object-group'),('324','fa-object-ungroup'),('325','fa-paint-brush'),('326','fa-paper-plane'),('327','fa-paper-plane-o'),('328','fa-paw'),('329','fa-pencil'),('330','fa-pencil-square'),('331','fa-pencil-square-o'),('332','fa-phone'),('333','fa-phone-square'),('334','fa-photo'),('335','fa-picture-o'),('336','fa-pie-chart'),('337','fa-plane'),('338','fa-plug'),('339','fa-plus'),('340','fa-plus-circle'),('341','fa-plus-square'),('342','fa-plus-square-o'),('343','fa-power-off'),('344','fa-print'),('345','fa-puzzle-piece'),('346','fa-qrcode'),('347','fa-question'),('348','fa-question-circle'),('349','fa-quote-left'),('350','fa-quote-right'),('351','fa-random'),('352','fa-recycle'),('353','fa-refresh'),('354','fa-registered'),('355','fa-remove'),('356','fa-reorder'),('357','fa-reply'),('358','fa-reply-all'),('359','fa-retweet'),('360','fa-road'),('361','fa-rocket'),('362','fa-rss'),('363','fa-rss-square'),('364','fa-search'),('365','fa-search-minus'),('366','fa-search-plus'),('367','fa-send'),('368','fa-send-o'),('369','fa-server'),('370','fa-share'),('371','fa-share-alt'),('372','fa-share-alt-square'),('373','fa-share-square'),('374','fa-share-square-o'),('375','fa-shield'),('376','fa-ship'),('377','fa-shopping-cart'),('378','fa-sign-in'),('379','fa-sign-out'),('380','fa-signal'),('381','fa-sitemap'),('382','fa-sliders'),('383','fa-smile-o'),('384','fa-soccer-ball-o'),('385','fa-sort'),('386','fa-sort-alpha-asc'),('387','fa-sort-alpha-desc'),('388','fa-sort-amount-asc'),('389','fa-sort-amount-desc'),('390','fa-sort-asc'),('391','fa-sort-desc'),('392','fa-sort-down'),('393','fa-sort-numeric-asc'),('394','fa-sort-numeric-desc'),('395','fa-sort-up'),('396','fa-space-shuttle'),('397','fa-spinner'),('398','fa-spoon'),('399','fa-square'),('400','fa-square-o'),('401','fa-star'),('402','fa-star-half'),('403','fa-star-half-empty'),('404','fa-star-half-full'),('405','fa-star-half-o'),('406','fa-star-o'),('407','fa-sticky-note'),('408','fa-sticky-note-o'),('409','fa-street-view'),('410','fa-suitcase'),('411','fa-sun-o'),('412','fa-support'),('413','fa-tablet'),('414','fa-tachometer'),('415','fa-tag'),('416','fa-tags'),('417','fa-tasks'),('418','fa-taxi'),('419','fa-television'),('420','fa-terminal'),('421','fa-thumb-tack'),('422','fa-thumbs-down'),('423','fa-thumbs-o-down'),('424','fa-thumbs-o-up'),('425','fa-thumbs-up'),('426','fa-ticket'),('427','fa-times'),('428','fa-times-circle'),('429','fa-times-circle-o'),('430','fa-tint'),('431','fa-toggle-down'),('432','fa-toggle-left'),('433','fa-toggle-off'),('434','fa-toggle-on'),('435','fa-toggle-right'),('436','fa-toggle-up'),('437','fa-trademark'),('438','fa-trash'),('439','fa-trash-o'),('440','fa-tree'),('441','fa-trophy'),('442','fa-truck'),('443','fa-tty'),('444','fa-tv'),('445','fa-umbrella'),('446','fa-university'),('447','fa-unlock'),('448','fa-unlock-alt'),('449','fa-unsorted'),('450','fa-upload'),('451','fa-user'),('452','fa-user-plus'),('453','fa-user-secret'),('454','fa-user-times'),('455','fa-users'),('456','fa-video-camera'),('457','fa-volume-down'),('458','fa-volume-off'),('459','fa-volume-up'),('460','fa-warning'),('461','fa-wheelchair'),('462','fa-wifi'),('463','fa-wrench'),('464','fa-hand-grab-o'),('465','fa-hand-lizard-o'),('466','fa-hand-o-down');/* MySQLReback Separation */
 /* 插入数据 `t_icons` */
 INSERT INTO `t_icons` VALUES ('467','fa-hand-o-left');/* MySQLReback Separation */
 /* 插入数据 `t_icons` */
 INSERT INTO `t_icons` VALUES ('468','fa-hand-o-right'),('469','fa-hand-o-up'),('470','fa-hand-paper-o'),('471','fa-hand-peace-o'),('472','fa-hand-pointer-o'),('473','fa-hand-rock-o'),('474','fa-hand-scissors-o'),('475','fa-hand-spock-o'),('476','fa-hand-stop-o'),('477','fa-thumbs-down'),('478','fa-thumbs-o-down'),('479','fa-thumbs-o-up'),('480','fa-thumbs-up'),('481','fa-ambulance'),('482','fa-automobile'),('483','fa-bicycle'),('484','fa-bus'),('485','fa-cab'),('486','fa-car'),('487','fa-fighter-jet'),('488','fa-motorcycle'),('489','fa-plane'),('490','fa-rocket'),('491','fa-ship'),('492','fa-space-shuttle'),('493','fa-subway'),('494','fa-taxi'),('495','fa-train'),('496','fa-truck'),('497','fa-wheelchair'),('498','fa-genderless'),('499','fa-intersex'),('500','fa-mars'),('501','fa-mars-double'),('502','fa-mars-stroke'),('503','fa-mars-stroke-h'),('504','fa-mars-stroke-v'),('505','fa-mercury'),('506','fa-neuter'),('507','fa-transgender'),('508','fa-transgender-alt'),('509','fa-venus'),('510','fa-venus-double'),('511','fa-venus-mars'),('512','fa-file'),('513','fa-file-archive-o'),('514','fa-file-audio-o'),('515','fa-file-code-o'),('516','fa-file-excel-o'),('517','fa-file-image-o'),('518','fa-file-movie-o'),('519','fa-file-o'),('520','fa-file-pdf-o'),('521','fa-file-photo-o'),('522','fa-file-picture-o'),('523','fa-file-powerpoint-o'),('524','fa-file-sound-o'),('525','fa-file-text'),('526','fa-file-text-o'),('527','fa-file-video-o'),('528','fa-file-word-o'),('529','fa-file-zip-o'),('530','fa-circle-o-notch'),('531','fa-cog'),('532','fa-gear'),('533','fa-refresh'),('534','fa-spinner'),('535','fa-check-square'),('536','fa-check-square-o'),('537','fa-circle'),('538','fa-circle-o'),('539','fa-dot-circle-o'),('540','fa-minus-square'),('541','fa-minus-square-o'),('542','fa-plus-square'),('543','fa-plus-square-o'),('544','fa-square'),('545','fa-square-o'),('546','fa-cc-amex'),('547','fa-cc-diners-club'),('548','fa-cc-discover'),('549','fa-cc-jcb'),('550','fa-cc-mastercard'),('551','fa-cc-paypal'),('552','fa-cc-stripe'),('553','fa-cc-visa'),('554','fa-credit-card'),('555','fa-google-wallet'),('556','fa-paypal'),('557','fa-area-chart'),('558','fa-bar-chart'),('559','fa-bar-chart-o'),('560','fa-line-chart'),('561','fa-pie-chart'),('562','fa-bitcoin'),('563','fa-btc'),('564','fa-cny'),('565','fa-dollar'),('566','fa-eur'),('567','fa-euro'),('568','fa-gbp'),('569','fa-gg'),('570','fa-gg-circle'),('571','fa-ils'),('572','fa-inr'),('573','fa-jpy'),('574','fa-krw'),('575','fa-money'),('576','fa-rmb'),('577','fa-rouble'),('578','fa-rub'),('579','fa-ruble'),('580','fa-rupee'),('581','fa-shekel'),('582','fa-sheqel'),('583','fa-try'),('584','fa-turkish-lira'),('585','fa-usd'),('586','fa-won'),('587','fa-yen'),('588','fa-align-center'),('589','fa-align-justify'),('590','fa-align-left'),('591','fa-align-right'),('592','fa-bold'),('593','fa-chain'),('594','fa-chain-broken'),('595','fa-clipboard'),('596','fa-columns'),('597','fa-copy'),('598','fa-cut'),('599','fa-dedent'),('600','fa-eraser'),('601','fa-file'),('602','fa-file-o'),('603','fa-file-text'),('604','fa-file-text-o'),('605','fa-files-o'),('606','fa-floppy-o'),('607','fa-font'),('608','fa-header'),('609','fa-indent'),('610','fa-italic'),('611','fa-link'),('612','fa-list'),('613','fa-list-alt'),('614','fa-list-ol'),('615','fa-list-ul'),('616','fa-outdent'),('617','fa-paperclip'),('618','fa-paragraph'),('619','fa-paste'),('620','fa-repeat'),('621','fa-rotate-left'),('622','fa-rotate-right'),('623','fa-save'),('624','fa-scissors'),('625','fa-strikethrough'),('626','fa-subscript'),('627','fa-superscript'),('628','fa-table'),('629','fa-text-height'),('630','fa-text-width'),('631','fa-th'),('632','fa-th-large'),('633','fa-th-list'),('634','fa-underline'),('635','fa-undo'),('636','fa-unlink'),('637','fa-angle-double-down'),('638','fa-angle-double-left'),('639','fa-angle-double-right'),('640','fa-angle-double-up'),('641','fa-angle-down'),('642','fa-angle-left'),('643','fa-angle-right'),('644','fa-angle-up'),('645','fa-arrow-circle-down'),('646','fa-arrow-circle-left'),('647','fa-arrow-circle-o-down'),('648','fa-arrow-circle-o-left'),('649','fa-arrow-circle-o-right'),('650','fa-arrow-circle-o-up'),('651','fa-arrow-circle-right'),('652','fa-arrow-circle-up'),('653','fa-arrow-down'),('654','fa-arrow-left'),('655','fa-arrow-right'),('656','fa-arrow-up'),('657','fa-arrows'),('658','fa-arrows-alt'),('659','fa-arrows-h'),('660','fa-arrows-v'),('661','fa-caret-down'),('662','fa-caret-left'),('663','fa-caret-right'),('664','fa-caret-square-o-down'),('665','fa-caret-square-o-left'),('666','fa-caret-square-o-right'),('667','fa-caret-square-o-up'),('668','fa-caret-up'),('669','fa-chevron-circle-down'),('670','fa-chevron-circle-left'),('671','fa-chevron-circle-right'),('672','fa-chevron-circle-up'),('673','fa-chevron-down'),('674','fa-chevron-left'),('675','fa-chevron-right'),('676','fa-chevron-up'),('677','fa-exchange'),('678','fa-hand-o-down'),('679','fa-hand-o-left'),('680','fa-hand-o-right'),('681','fa-hand-o-up'),('682','fa-long-arrow-down'),('683','fa-long-arrow-left'),('684','fa-long-arrow-right'),('685','fa-long-arrow-up'),('686','fa-toggle-down'),('687','fa-toggle-left'),('688','fa-toggle-right'),('689','fa-toggle-up'),('690','fa-arrows-alt'),('691','fa-backward'),('692','fa-compress'),('693','fa-eject'),('694','fa-expand'),('695','fa-fast-backward');/* MySQLReback Separation */
 /* 插入数据 `t_icons` */
 INSERT INTO `t_icons` VALUES ('696','fa-fast-forward');/* MySQLReback Separation */
 /* 插入数据 `t_icons` */
 INSERT INTO `t_icons` VALUES ('697','fa-forward'),('698','fa-pause'),('699','fa-play'),('700','fa-play-circle'),('701','fa-play-circle-o'),('702','fa-random'),('703','fa-step-backward'),('704','fa-step-forward'),('705','fa-stop'),('706','fa-youtube-play'),('707','fa-500px'),('708','fa-adn'),('709','fa-amazon'),('710','fa-android'),('711','fa-angellist'),('712','fa-apple'),('713','fa-behance'),('714','fa-behance-square'),('715','fa-bitbucket'),('716','fa-bitbucket-square'),('717','fa-bitcoin'),('718','fa-black-tie'),('719','fa-btc'),('720','fa-buysellads'),('721','fa-cc-amex'),('722','fa-cc-diners-club'),('723','fa-cc-discover'),('724','fa-cc-jcb'),('725','fa-cc-mastercard'),('726','fa-cc-paypal'),('727','fa-cc-stripe'),('728','fa-cc-visa'),('729','fa-chrome'),('730','fa-codepen'),('731','fa-connectdevelop'),('732','fa-contao'),('733','fa-css3'),('734','fa-dashcube'),('735','fa-delicious'),('736','fa-deviantart'),('737','fa-digg'),('738','fa-dribbble'),('739','fa-dropbox'),('740','fa-drupal'),('741','fa-empire'),('742','fa-expeditedssl'),('743','fa-facebook'),('744','fa-facebook-f'),('745','fa-facebook-official'),('746','fa-facebook-square'),('747','fa-firefox'),('748','fa-flickr'),('749','fa-fonticons'),('750','fa-forumbee'),('751','fa-foursquare'),('752','fa-ge'),('753','fa-get-pocket'),('754','fa-gg'),('755','fa-gg-circle'),('756','fa-git'),('757','fa-git-square'),('758','fa-github'),('759','fa-github-alt'),('760','fa-github-square'),('761','fa-gittip'),('762','fa-google'),('763','fa-google-plus'),('764','fa-google-plus-square'),('765','fa-google-wallet'),('766','fa-gratipay'),('767','fa-hacker-news'),('768','fa-houzz'),('769','fa-html5'),('770','fa-instagram'),('771','fa-internet-explorer'),('772','fa-ioxhost'),('773','fa-joomla'),('774','fa-jsfiddle'),('775','fa-lastfm'),('776','fa-lastfm-square'),('777','fa-leanpub'),('778','fa-linkedin'),('779','fa-linkedin-square'),('780','fa-linux'),('781','fa-maxcdn'),('782','fa-meanpath'),('783','fa-medium'),('784','fa-odnoklassniki'),('785','fa-odnoklassniki-square'),('786','fa-opencart'),('787','fa-openid'),('788','fa-opera'),('789','fa-optin-monster'),('790','fa-pagelines'),('791','fa-paypal'),('792','fa-pied-piper'),('793','fa-pied-piper-alt'),('794','fa-pinterest'),('795','fa-pinterest-p'),('796','fa-pinterest-square'),('797','fa-qq'),('798','fa-ra'),('799','fa-rebel'),('800','fa-reddit'),('801','fa-reddit-square'),('802','fa-renren'),('803','fa-safari'),('804','fa-sellsy'),('805','fa-share-alt'),('806','fa-share-alt-square'),('807','fa-shirtsinbulk'),('808','fa-simplybuilt'),('809','fa-skyatlas'),('810','fa-skype'),('811','fa-slack'),('812','fa-slideshare'),('813','fa-soundcloud'),('814','fa-spotify'),('815','fa-stack-exchange'),('816','fa-stack-overflow'),('817','fa-steam'),('818','fa-steam-square'),('819','fa-stumbleupon'),('820','fa-stumbleupon-circle'),('821','fa-tencent-weibo'),('822','fa-trello'),('823','fa-tripadvisor'),('824','fa-tumblr'),('825','fa-tumblr-square'),('826','fa-twitch'),('827','fa-twitter'),('828','fa-twitter-square'),('829','fa-viacoin'),('830','fa-vimeo'),('831','fa-vimeo-square'),('832','fa-vine'),('833','fa-vk'),('834','fa-wechat'),('835','fa-weibo'),('836','fa-weixin'),('837','fa-whatsapp'),('838','fa-wikipedia-w'),('839','fa-windows'),('840','fa-wordpress'),('841','fa-xing'),('842','fa-xing-square'),('843','fa-y-combinator'),('844','fa-y-combinator-square'),('845','fa-yahoo'),('846','fa-yc'),('847','fa-yc-square'),('848','fa-yelp'),('849','fa-youtube'),('850','fa-youtube-play'),('851','fa-youtube-square'),('852','fa-ambulance'),('853','fa-h-square'),('854','fa-heart'),('855','fa-heart-o'),('856','fa-heartbeat'),('857','fa-hospital-o'),('858','fa-medkit'),('859','fa-plus-square'),('860','fa-stethoscope'),('861','fa-user-md'),('862','fa-wheelchair');/* MySQLReback Separation */
 /* 创建表结构 `t_log` */
 DROP TABLE IF EXISTS `t_log`;/* MySQLReback Separation */ CREATE TABLE `t_log` (
  `id` int(10) NOT NULL AUTO_INCREMENT,
  `usr` varchar(200) NOT NULL COMMENT '相关用户',
  `module_name` varchar(200) NOT NULL COMMENT '相关模块',
  `action_name` varchar(200) NOT NULL COMMENT '相关方法',
  `info` text COMMENT '日志内容',
  `logtime` varchar(20) NOT NULL COMMENT '日志时间，10位时间戳',
  PRIMARY KEY (`id`)
) ENGINE=MyISAM AUTO_INCREMENT=829 DEFAULT CHARSET=utf8 COMMENT='系统日志表';/* MySQLReback Separation */
 /* 插入数据 `t_log` */
 INSERT INTO `t_log` VALUES ('413','admin','Index','login','登录成功','1460005342'),('412','admin','Index','login','登录成功','1459151144'),('411','admin','Menu','execution','编辑菜单【站点设置】成功！','1459146422'),('410','admin','Menu','execution','新增菜单【网站设置】成功！','1459146391'),('409','admin','Menu','execution','编辑菜单【新增下载】成功！','1459137426'),('408','admin','Menu','execution','编辑菜单【下载管理】成功！','1459137408'),('407','admin','Menu','execution','编辑菜单【新增图片集】成功！','1459137391'),('406','admin','Menu','execution','编辑菜单【图片集管理】成功！','1459137372'),('405','admin','Menu','execution','编辑菜单【新增文章】成功！','1459136642'),('404','admin','Menu','execution','编辑菜单【文章管理】成功！','1459136191'),('403','admin','Index','login','登录成功','1459132060'),('402','admin','Index','login','登录成功','1459082397'),('401','admin','Index','login','登录成功','1458964301'),('400','admin','Index','login','登录成功','1458962300'),('399','admin','Database','index','数据库备份文件[ttcms_20160325154645_160224816.sql]删除成功！','1458960004'),('398','admin','Database','index','数据库备份成功！','1458960000'),('397','admin','Index','login','登录成功','1458959943'),('396','admin','Manage','logout','退出登录','1458904240'),('395','admin','Set','savemail','编辑邮箱设置信息成功！','1458904204'),('394','admin','Set','savemail','编辑邮箱设置信息成功！','1458903844'),('393','admin','Set','savemail','编辑邮箱设置信息失败！','1458903807'),('392','admin','Set','savemail','编辑邮箱设置信息失败！','1458903799'),('391','admin','Menu','execution','新增菜单【邮箱设置】成功！','1458901821'),('390','admin','Set','savebasic','编辑系统基础设置信息成功！','1458900757'),('389','admin','Set','savebasic','编辑系统基础设置信息成功！','1458900753'),('388','admin','Set','savebasic','编辑系统基础设置信息成功！','1458900701'),('387','admin','Set','savebasic','编辑系统基础设置信息成功！','1458898211'),('386','admin','Set','savebasic','编辑系统基础设置信息成功！','1458898145'),('385','admin','Set','savebasic','编辑系统基础设置信息失败！','1458898035'),('384','admin','Set','savebasic','编辑系统基础设置信息失败！','1458898009'),('383','admin','Set','savebasic','编辑系统基础设置信息失败！','1458897936'),('381','admin','Sys','logclear','日志清空成功！','1458892031'),('382','admin','Index','login','登录成功','1458893156'),('414','admin','Index','login','登录成功','1460011256'),('415','admin','Menu','execution','新增菜单【前台栏目管理】成功！','1460020761'),('416','admin','Menu','execution','编辑菜单【前台栏目管理】成功！','1460020785'),('417','admin','Menu','execution','新增菜单【新增栏目】成功！','1460020871'),('418','admin','Menu','execution','新增菜单【栏目列表】成功！','1460020889'),('419','admin','Menu','execution','编辑菜单【前台栏目管理】成功！','1460021164'),('420','admin','Index','login','登录成功','1460188601'),('421','admin','Manage','logout','退出登录','1460191101'),('422','admin','Index','login','登录成功','1460191114'),('423','admin','Manage','logout','退出登录','1460191609'),('424','admin','Index','login','登录成功','1460712176'),('425','admin','Index','login','登录成功','1462678648'),('426','admin','Menu','execution','新增菜单【模型管理】成功！','1462679932'),('427','admin','Menu','execution','编辑菜单【功能控制】成功！','1462680961'),('428','admin','Menu','execution','编辑菜单【功能控制】成功！','1462680979'),('429','admin','Menu','execution','编辑菜单失败！','1462680991'),('430','admin','Menu','execution','编辑菜单【编辑页面】成功！','1462681011'),('431','admin','Menu','execution','编辑菜单【站点设置】成功！','1462681867'),('432','admin','Menu','del','删除菜单【功能控制】成功！','1462681960'),('433','admin','Index','login','登录成功','1462682064'),('434','admin','Menu','execution','编辑菜单【站点设置】成功！','1462682084'),('435','admin','Menu','execution','新增菜单【模型管理】成功！','1462682172'),('436','admin','Menu','execution','新增菜单【模型列表】成功！','1462682192'),('437','admin','Menu','execution','新增菜单【新增模型】成功！','1462682215'),('438','admin','Database','index','数据库备份成功！','1462682330'),('439','admin','Channel','del','删除栏目【联系我们】成功！','1462688338'),('440','admin','Index','login','登录成功','1462692835'),('441','admin','Channel','execution','新增栏目【】成功！','1462694640'),('442','admin','Channel','execution','新增栏目【】成功！','1462694778'),('443','admin','Channel','execution','编辑栏目【鞋类】成功！','1462695253'),('444','admin','Channel','execution','编辑栏目【鞋类】成功！','1462695378');/* MySQLReback Separation */
 /* 插入数据 `t_log` */
 INSERT INTO `t_log` VALUES ('445','admin','Channel','execution','新增栏目【公司通告】成功！','1462695487');/* MySQLReback Separation */
 /* 插入数据 `t_log` */
 INSERT INTO `t_log` VALUES ('446','admin','Channel','execution','编辑栏目【公司公告】成功！','1462695503'),('447','admin','Menu','execution','新增菜单【设置排序序号】成功！','1462696199'),('448','admin','Menu','execution','新增菜单【删除栏目】成功！','1462696230'),('449','admin','Menu','execution','新增菜单【执行新增、编辑操作】成功！','1462696311'),('450','admin','Database','index','数据库备份文件[ttcms_20160508123850_167259248.sql]删除成功！','1462696357'),('451','admin','Database','index','数据库备份成功！','1462696359'),('452','admin','Index','login','登录成功','1462790042'),('453','admin','Index','login','登录成功','1464324898'),('454','admin','Index','login','登录成功','1464607737'),('455','admin','Index','login','登录成功','1464607759'),('456','admin','Menu','execution','编辑菜单【内容管理】成功！','1464607794'),('457','admin','Menu','execution','编辑菜单【网站设置】成功！','1464607809'),('458','admin','Menu','execution','编辑菜单【系统管理员】成功！','1464607843'),('459','admin','Menu','execution','新增菜单【会员管理】成功！','1464607977'),('460','admin','Menu','del','删除菜单【内容管理】成功！','1464607985'),('461','admin','Menu','del','删除菜单【网站设置】成功！','1464607989'),('462','admin','Menu','execution','新增菜单【会员管理】成功！','1464608035'),('463','admin','Menu','execution','新增菜单【会员列表】成功！','1464608056'),('464','admin','Menu','execution','新增菜单【新增会员】成功！','1464608192'),('465','admin','Menu','execution','新增菜单【编辑会员】成功！','1464608246'),('466','admin','Menu','execution','编辑菜单【会员列表】成功！','1464608256'),('467','admin','Menu','execution','新增菜单【会员详情】成功！','1464608276'),('468','admin','Menu','execution','新增菜单【删除会员】成功！','1464608292'),('469','admin','Menu','execution','新增菜单【执行操作】成功！','1464608319'),('470','admin','Menu','execution','新增菜单【统计管理】成功！','1464608466'),('471','admin','Menu','execution','新增菜单【统计管理】成功！','1464608485'),('472','admin','Menu','execution','新增菜单【统计列表】成功！','1464608499'),('473','admin','Menu','execution','编辑菜单【编辑会员】成功！','1464608589'),('474','admin','Menu','execution','编辑菜单【会员详情】成功！','1464608600'),('475','admin','Menu','execution','编辑菜单【删除会员】成功！','1464608605'),('476','admin','Usr','delrole','删除角色[id:2]执行操作[]成功','1464608665'),('477','admin','Usr','delrole','删除角色[id:4]执行操作[]成功','1464608667'),('478','admin','Usr','delrole','删除角色[id:3]执行操作[]成功','1464608670'),('479','admin','Usr','roleaction','角色[会员管理员]执行操作[add]成功','1464608679'),('480','admin','Usr','roleaction','角色[统计管理员]执行操作[add]成功','1464608690'),('481','admin','Usr','execution','用户[id:mem1]执行操作[add]成功','1464608742'),('482','admin','Usr','execution','用户[id:total1]执行操作[add]成功','1464608762'),('483','admin','Usr','authorupdate','角色[id:7]权限分配成功','1464608803'),('484','admin','Usr','authorupdate','角色[id:6]权限分配成功','1464608817'),('485','admin','Index','login','登录成功','1464655652'),('486','admin','Index','login','登录成功','1464658546'),('487','admin','Member','excute','会员新增成功！','1464660015'),('488','admin','Member','excute','会员新增成功！','1464661866'),('489','admin','Member','excute','','1464662743'),('490','admin','Member','excute','会员编辑失败！','1464662816'),('491','admin','Member','excute','会员编辑成功！','1464662820'),('492','admin','Member','excute','会员编辑成功！','1464662833'),('493','admin','Member','excute','会员编辑成功！','1464662917'),('494','admin','Index','login','登录成功','1464664557'),('495','admin','Member','delete','会员删除失败！','1464664898'),('496','admin','Database','index','数据库备份文件[ttcms_20160508163239_692573699.sql]删除成功！','1464666048'),('497','admin','Database','index','数据库备份文件[ttcms_20160407130236_325640293.sql]删除成功！','1464666051'),('498','admin','Database','index','数据库备份文件[ttcms_20160326104000_754345657.sql]删除成功！','1464666053'),('499','admin','Database','index','数据库备份文件[ttcms_20160124140441_825532922.sql]删除成功！','1464666055'),('500','admin','Database','index','数据库备份成功！','1464666058'),('501','admin','Index','login','登录成功','1464680227'),('502','admin','Member','excute','会员新增成功！','1464682853'),('503','admin','Member','excute','会员新增成功！','1464685195'),('504','admin','Index','login','登录成功','1464694948'),('505','admin','Index','login','登录成功','1464745096'),('506','admin','Menu','execution','编辑菜单【会员管理】成功！','1464745145');/* MySQLReback Separation */
 /* 插入数据 `t_log` */
 INSERT INTO `t_log` VALUES ('507','admin','Set','savebasic','编辑系统基础设置信息成功！','1464751551');/* MySQLReback Separation */
 /* 插入数据 `t_log` */
 INSERT INTO `t_log` VALUES ('508','admin','Set','savebasic','编辑系统基础设置信息成功！','1464769664'),('509','admin','Menu','execution','编辑菜单【邮箱设置】成功！','1464769727'),('510','admin','Database','index','数据库备份成功！','1464779976'),('511','admin','Usr','del','删除用户【id:2】成功！','1464780038'),('512','admin','Index','login','登录成功','1464829549'),('513','admin','Menu','execution','新增菜单【红包管理】成功！','1464830977'),('514','admin','Index','login','登录成功','1464831027'),('515','admin','Menu','execution','新增菜单【红包清单】成功！','1464831066'),('516','admin','Menu','execution','新增菜单【发红包】成功！','1464831085'),('517','admin','Menu','execution','新增菜单【查看红包】成功！','1464831106'),('518','admin','Menu','execution','编辑菜单【查看红包】成功！','1464831116'),('519','admin','Index','login','登录成功','1465735316'),('520','admin','Index','login','登录成功','1465735632'),('521','admin','Menu','execution','编辑菜单【升级券红包】成功！','1465736383'),('522','admin','Menu','execution','编辑菜单【发升级券红包】成功！','1465736564'),('523','admin','Menu','execution','编辑菜单【发升级券红包】成功！','1465736573'),('524','admin','Menu','execution','新增菜单【现金红包】成功！','1465736603'),('525','admin','Menu','execution','新增菜单【发现金红包】成功！','1465736632'),('526','admin','Menu','execution','编辑菜单【发现金红包】成功！','1465736641'),('527','admin','Menu','execution','新增菜单【查看现金红包】成功！','1465736661'),('528','admin','Index','login','登录成功','1466064766'),('529','admin','Member','givepkt','升级券红包发放成功！','1466066371'),('530','admin','Member','givepkt','升级券红包发放成功！','1466066967'),('531','admin','Member','givepkt','升级券红包发放成功！','1466072793'),('532','admin','Member','givepkt','升级券红包发放成功！','1466072844'),('533','admin','Member','givemny','现金红包发放成功！','1466072968'),('534','admin','Modul','changestatus','切换字段[title]状态失败！！','1466075043'),('535','admin','Modul','changestatus','切换字段[thumb]状态失败！！','1466075043'),('536','admin','Menu','execution','新增菜单【新闻管理】成功！','1466075167'),('537','admin','Menu','execution','新增菜单【新闻列表】成功！','1466075202'),('538','admin','Menu','execution','新增菜单【发布新闻】成功！','1466075224'),('539','admin','Index','login','登录成功','1466259417'),('540','admin','Index','login','登录成功','1466304902'),('541','admin','Menu','execution','编辑菜单【发布新闻】成功！','1466337513'),('542','admin','Modul','del','删除模型数据表[product]失败！','1466337697'),('543','admin','Modul','fieldsDel','删除模型数据表[]的字段[logo]失败！','1466337709'),('544','admin','Modul','fieldsDel','删除模型数据表[]的字段[logo]失败！','1466337882'),('545','admin','Modul','execution','创建模型[]删除成功！！','1466337985'),('546','admin','Menu','execution','编辑菜单【发布新闻】成功！','1466338011'),('547','admin','Modul','changestatus','切换字段[thumb]状态成功！！','1466338038'),('548','admin','Modul','changestatus','切换字段[seo_title]状态成功！！','1466338060'),('549','admin','Modul','changestatus','切换字段[seo_des]状态成功！！','1466338062'),('550','admin','Modul','changestatus','切换字段[seo_des]状态成功！！','1466338063'),('551','admin','Modul','changestatus','切换字段[seo_des]状态成功！！','1466338066'),('552','admin','Modul','changestatus','切换字段[seo_key]状态成功！！','1466338072'),('553','admin','Modul','fieldsExcut','增加字段[uid]成功！！','1466338293'),('554','admin','Content','excute','内容提交成功！','1466339296'),('555','admin','Content','excute','内容提交成功！','1466339335'),('556','admin','Menu','execution','编辑菜单【新闻列表】成功！','1466339422'),('557','admin','Content','del','新闻删除成功！','1466341605'),('558','admin','Content','excute','内容提交成功！','1466343611'),('559','admin','Content','excute','内容提交成功！','1466343660'),('560','admin','Menu','execution','新增菜单【广告管理】成功！','1466344015'),('561','admin','Menu','execution','新增菜单【广告列表】成功！','1466344032'),('562','admin','Menu','execution','新增菜单【新增广告】成功！','1466344050'),('563','admin','Menu','execution','新增菜单【编辑广告】成功！','1466344068'),('564','admin','Menu','execution','新增菜单【执行变更】成功！','1466344101'),('565','admin','Modul','execution','创建模型[]删除成功！！','1466344173'),('566','admin','Modul','changestatus','切换字段[seo_title]状态成功！！','1466344191'),('567','admin','Modul','changestatus','切换字段[seo_des]状态成功！！','1466344194'),('568','admin','Modul','changestatus','切换字段[seo_key]状态成功！！','1466344196');/* MySQLReback Separation */
 /* 插入数据 `t_log` */
 INSERT INTO `t_log` VALUES ('569','admin','Modul','changestatus','切换字段[content]状态成功！！','1466344200');/* MySQLReback Separation */
 /* 插入数据 `t_log` */
 INSERT INTO `t_log` VALUES ('570','admin','Menu','execution','编辑菜单【新增广告】成功！','1466344248'),('571','admin','Content','excute','内容提交成功！','1466344461'),('572','admin','Modul','fieldsExcut','增加字段[s_time]成功！！','1466344638'),('573','admin','Modul','fieldsExcut','字段名称[s_time]已存在，同一个模型中不能存在相同名称的字段','1466344640'),('574','admin','Modul','fieldsExcut','增加字段[e_time]成功！！','1466344706'),('575','admin','Content','excute','内容提交成功！','1466346556'),('576','admin','Modul','fieldsExcut','增加字段[status]成功！！','1466347467'),('577','admin','Modul','fieldsDel','字段[status]删除成功！！','1466347515'),('578','admin','Modul','fieldsExcut','增加字段[status]成功！！','1466347568'),('579','admin','Content','excute','内容提交成功！','1466347647'),('580','admin','Content','excute','内容提交成功！','1466347692'),('581','admin','Modul','fieldsExcut','增加字段[uid]成功！！','1466348139'),('582','admin','Content','excute','内容提交成功！','1466349112'),('583','admin','Content','excute','内容提交成功！','1466349146'),('584','admin','Ad','del','广告删除成功！','1466349305'),('585','admin','Content','excute','内容提交成功！','1466350737'),('586','admin','Content','excute','内容提交成功！','1466350742'),('587','admin','Content','excute','内容提交成功！','1466350747'),('588','admin','Content','excute','内容提交成功！','1466350758'),('589','admin','Content','excute','内容提交成功！','1466351254'),('590','admin','Member','givepkt','升级券红包发放成功！','1466351320'),('591','admin','Member','givemny','现金红包发放成功！','1466351420'),('592','admin','Index','login','登录成功','1466384838'),('593','admin','Modul','fieldsExcut','增加字段[url]成功！！','1466385176'),('594','admin','Modul','sortfield','字段[description]更新排序成功！！','1466385202'),('595','admin','Modul','sortfield','字段[uid]更新排序成功！！','1466385233'),('596','admin','Modul','sortfield','字段[s_time]更新排序成功！！','1466385247'),('597','admin','Modul','sortfield','字段[e_time]更新排序成功！！','1466385255'),('598','admin','Modul','sortfield','字段[status]更新排序成功！！','1466385259'),('599','admin','Modul','sortfield','字段[status]更新排序成功！！','1466385266'),('600','admin','Content','excute','内容提交成功！','1466385433'),('601','admin','Member','givemny','现金红包发放成功！','1466407021'),('602','admin','Member','givepkt','升级券红包发放成功！','1466407055'),('603','admin','Index','login','登录成功','1466427272'),('604','admin','Modul','fieldsExcut','往模型数据表中插入字段失败！','1466427668'),('605','admin','Modul','fieldsExcut','往模型数据表中插入字段失败！','1466427674'),('606','admin','Modul','fieldsExcut','增加字段[mphoto]成功！！','1466427691'),('607','admin','Modul','sortfield','字段[url]更新排序成功！！','1466427703'),('608','admin','Member','givepkt','升级券红包发放成功！','1466432675'),('609','admin','Index','login','登录成功','1466471057'),('610','admin','Member','givepkt','升级券红包发放成功！','1466474466'),('611','admin','Member','givepkt','升级券红包发放成功！','1466474539'),('612','admin','Member','givemny','现金红包发放成功！','1466474683'),('613','admin','Member','givemny','现金红包发放成功！','1466474834'),('614','admin','Member','givepkt','升级券红包发放成功！','1466478144'),('615','admin','Member','givemny','现金红包发放成功！','1466478321'),('616','admin','Member','givemny','现金红包发放成功！','1466478464'),('617','admin','Member','givemny','现金红包发放成功！','1466479112'),('618','admin','Member','givemny','现金红包发放成功！','1466479129'),('619','admin','Member','givepkt','升级券红包发放成功！','1466479147'),('620','admin','Member','givepkt','升级券红包发放成功！','1466479169'),('621','admin','Member','givepkt','升级券红包发放成功！','1466480659'),('622','admin','Member','givemny','现金红包发放成功！','1466480673'),('623','admin','Member','givemny','现金红包发放成功！','1466480703'),('624','admin','Content','excute','内容提交成功！','1466491709'),('625','admin','Modul','changestatus','切换字段[url]状态成功！！','1466492840'),('626','admin','Member','givepkt','升级券红包发放成功！','1466514257'),('627','admin','Content','excute','内容提交成功！','1466516855'),('628','admin','Content','excute','内容提交成功！','1466517719'),('629','admin','Content','excute','内容提交成功！','1466517784'),('630','admin','Content','excute','内容提交成功！','1466517828'),('631','admin','Content','excute','内容提交成功！','1466517891'),('632','admin','Member','givepkt','升级券红包发放成功！','1466520625'),('633','admin','Index','login','登录成功','1466557175'),('634','admin','Index','login','登录成功','1466653066');/* MySQLReback Separation */
 /* 插入数据 `t_log` */
 INSERT INTO `t_log` VALUES ('635','admin','Index','login','登录成功','1466664548');/* MySQLReback Separation */
 /* 插入数据 `t_log` */
 INSERT INTO `t_log` VALUES ('636','admin','Index','login','登录成功','1466672907'),('637','admin','Index','login','登录成功','1466865479'),('638','admin','Index','login','登录成功','1466941821'),('639','admin','Set','savebasic','编辑系统基础设置信息成功！','1466942078'),('640','admin','Database','index','数据库备份成功！','1466955476'),('641','admin','Database','index','数据库备份成功！','1466955477'),('642','admin','Database','index','数据库备份文件[wxfx_20160626233756_858451087.sql]删除成功！','1466955482'),('643','admin','Index','login','登录成功','1466955566'),('644','admin','Index','login','登录成功','1466990096'),('645','admin','Menu','execution','新增菜单【关于我们】成功！','1466997397'),('646','admin','Menu','execution','新增菜单【关于我们】成功！','1466997477'),('647','admin','Menu','execution','新增菜单【用户帮助】成功！','1466997555'),('648','admin','Menu','execution','新增菜单【新增页面】成功！','1466997653'),('649','admin','Menu','execution','编辑菜单【新增页面】成功！','1466997665'),('650','admin','Menu','execution','新增菜单【编辑页面】成功！','1466997684'),('651','admin','Menu','execution','新增菜单【删除页面】成功！','1466997702'),('652','admin','Menu','execution','新增菜单【动作执行】成功！','1466997722'),('653','admin','Index','login','登录成功','1467011429'),('654','admin','Index','login','登录成功','1467011609'),('655','admin','About','excute','新增关于我们页面成功！','1467013200'),('656','admin','About','excute','新增关于我们页面成功！','1467013417'),('657','admin','About','excute','新增关于我们页面成功！','1467013572'),('658','admin','About','excute','编辑关于我们页面成功！','1467013663'),('659','admin','About','excute','编辑关于我们页面成功！','1467013676'),('660','admin','About','excute','新增关于我们页面成功！','1467013701'),('661','admin','About','excute','编辑关于我们页面成功！','1467013740'),('662','admin','About','excute','新增关于我们页面成功！','1467014153'),('663','admin','About','excute','新增关于我们页面成功！','1467014155'),('664','admin','About','excute','新增关于我们页面成功！','1467014235'),('665','admin','About','excute','新增关于我们页面成功！','1467014255'),('666','admin','About','delweb','删除页面成功！','1467014259'),('667','admin','About','delweb','删除页面成功！','1467014312'),('668','admin','About','delweb','删除页面成功！','1467014315'),('669','admin','About','delweb','删除页面成功！','1467014321'),('670','admin','About','delweb','删除页面成功！','1467014324'),('671','admin','About','onoff','切换页面状态成功！','1467014575'),('672','admin','About','onoff','切换页面状态成功！','1467014578'),('673','admin','About','onoff','切换页面状态成功！','1467014624'),('674','admin','About','onoff','切换页面状态成功！','1467014627'),('675','admin','Index','login','登录成功','1467014699'),('676','admin','About','onoff','切换页面状态成功！','1467014707'),('677','admin','About','onoff','切换页面状态成功！','1467014711'),('678','admin','Index','login','登录成功','1467017417'),('679','admin','Index','login','登录成功','1467018993'),('680','admin','Index','login','登录成功','1467037801'),('681','admin','About','excute','编辑关于我们页面成功！','1467037847'),('682','admin','Index','login','登录成功','1467074861'),('683','admin','Index','login','登录成功','1467099784'),('684','admin','Index','login','登录成功','1467100066'),('685','admin','Member','givemny','现金红包发放成功！','1467111867'),('686','admin','Member','givepkt','升级券红包发放成功！','1467112066'),('687','admin','Index','login','登录成功','1467113478'),('688','admin','Member','givemny','现金红包发放成功！','1467113822'),('689','admin','Member','givemny','现金红包发放成功！','1467125111'),('690','admin','Member','givemny','现金红包发放成功！','1467125139'),('691','admin','Member','givemny','现金红包发放成功！','1467125464'),('692','admin','Set','savebasic','编辑系统基础设置信息成功！','1467126730'),('693','admin','Index','login','登录成功','1467161771'),('694','admin','Index','login','登录成功','1467162729'),('695','admin','Member','givepkt','升级券红包发放成功！','1467162922'),('696','admin','Member','givepkt','升级券红包发放成功！','1467162951'),('697','admin','Member','givepkt','升级券红包发放成功！','1467163003'),('698','admin','Member','givepkt','升级券红包发放成功！','1467163140'),('699','admin','Member','givepkt','升级券红包发放成功！','1467163281'),('700','admin','Member','givepkt','升级券红包发放成功！','1467164265'),('701','admin','Menu','execution','新增菜单【提现管理】成功！','1467188031'),('702','admin','Menu','execution','新增菜单【提现处理】成功！','1467188108'),('703','admin','Member','docash','提现处理成功！','1467190571');/* MySQLReback Separation */
 /* 插入数据 `t_log` */
 INSERT INTO `t_log` VALUES ('704','admin','Member','docash','提现处理成功！','1467190614');/* MySQLReback Separation */
 /* 插入数据 `t_log` */
 INSERT INTO `t_log` VALUES ('705','admin','Menu','execution','新增菜单【会员升级记录】成功！','1467190850'),('706','admin','Menu','execution','新增菜单【升级券转账记录】成功！','1467193287'),('707','admin','Menu','execution','编辑菜单【统计管理】成功！','1467193798'),('708','admin','Menu','execution','新增菜单【会员反馈】成功！','1467194725'),('709','admin','Menu','execution','新增菜单【回复反馈】成功！','1467194785'),('710','admin','Menu','execution','编辑菜单【回复反馈】成功！','1467194811'),('711','admin','Member','refeed','回复成功！','1467202854'),('712','admin','Member','refeed','回复成功！','1467203083'),('713','admin','Member','refeed','回复成功！','1467203183'),('714','admin','Index','login','登录成功','1467203566'),('715','admin','Index','login','登录成功','1467365485'),('716','admin','Index','login','登录成功','1467615222'),('717','admin','Set','savebasic','编辑系统基础设置信息成功！','1467615294'),('718','admin','Set','savebasic','编辑系统基础设置信息失败！','1467615313'),('719','admin','Index','login','登录成功','1467618863'),('720','admin','Member','docash','提现处理成功！','1467620341'),('721','admin','Index','login','登录成功','1467621479'),('722','admin','Index','login','登录成功','1467621654'),('723','admin','Index','login','登录成功','1467622649'),('724','admin','Index','login','登录成功','1467624532'),('725','admin','Menu','execution','新增菜单【赠送升级券(现金)】成功！','1467624993'),('726','admin','Index','login','登录成功','1467626422'),('727','admin','Member','addgift','赠送给会员[15160760000]成功','1467628084'),('728','admin','Member','addgift','赠送给会员[15160760000]成功','1467628439'),('729','admin','Member','addgift','赠送给会员[15907558888]成功','1467628975'),('730','admin','Member','addgift','赠送给会员[15907558888]成功','1467629004'),('731','admin','Member','addgift','赠送给会员[15106008888]成功','1467629103'),('732','admin','Index','login','登录成功','1467642200'),('733','admin','Member','refeed','回复成功！','1467646782'),('734','admin','Member','addgift','赠送给会员[15807556666]成功','1467647638'),('735','admin','Index','login','登录成功','1467682275'),('736','admin','Modul','changestatus','切换字段[url]状态成功！！','1467682311'),('737','admin','Index','login','登录成功','1467682350'),('738','admin','Index','login','登录成功','1467682412'),('739','admin','Content','excute','内容提交成功！','1467683654'),('740','admin','Content','excute','内容提交成功！','1467683813'),('741','admin','Content','excute','内容提交成功！','1467683868'),('742','admin','Content','excute','内容提交成功！','1467683886'),('743','admin','Content','excute','内容提交成功！','1467683911'),('744','admin','Index','login','登录成功','1467705440'),('745','admin','Member','excute','会员新增成功！','1467705503'),('746','admin','Member','excute','会员新增成功！','1467705859'),('747','admin','Index','login','登录成功','1467706587'),('748','admin','Member','excute','会员新增成功！','1467706678'),('749','admin','Index','login','登录成功','1467707045'),('750','admin','Member','excute','会员新增成功！','1467707096'),('751','admin','Member','excute','手机号已被注册，请更换手机号后再试！','1467707391'),('752','admin','Index','login','登录成功','1467707513'),('753','admin','Member','excute','会员编辑成功！','1467707548'),('754','admin','Member','excute','会员编辑成功！','1467707564'),('755','admin','Index','login','登录成功','1467709967'),('756','admin','Member','excute','会员编辑成功！','1467710061'),('757','admin','Index','login','登录成功','1467721364'),('758','admin','Member','addgift','赠送给会员[13666911222]成功','1467721450'),('759','admin','Member','addgift','赠送给会员[13666911111]成功','1467721723'),('760','admin','Member','addgift','赠送给会员[13666911333]成功','1467722245'),('761','admin','Set','savebasic','编辑系统基础设置信息成功！','1467722878'),('762','admin','Index','login','登录成功','1467726571'),('763','admin','Index','login','登录成功','1467726633'),('764','admin','Index','login','登录成功','1467785384'),('765','admin','Member','givemny','现金红包发放成功！','1467785475'),('766','admin','Member','givepkt','升级券红包发放成功！','1467785556'),('767','admin','Member','excute','会员编辑成功！','1467786647'),('768','admin','Index','login','登录成功','1467802312'),('769','admin','Member','givemny','现金红包发放成功！','1467804111'),('770','admin','Index','login','登录成功','1467805088'),('771','admin','Member','givepkt','升级券红包发放成功！','1467805259'),('772','admin','Index','login','登录成功','1467821079'),('773','admin','Index','login','登录成功','1467863859'),('774','admin','Member','givepkt','升级券红包发放成功！','1467864145'),('775','admin','Index','login','登录成功','1467975877');/* MySQLReback Separation */
 /* 插入数据 `t_log` */
 INSERT INTO `t_log` VALUES ('776','admin','Index','login','登录成功','1467988503');/* MySQLReback Separation */
 /* 插入数据 `t_log` */
 INSERT INTO `t_log` VALUES ('777','admin','Index','login','登录成功','1468243463'),('778','admin','Index','login','登录成功','1468243564'),('779','admin','Index','login','登录成功','1468243564'),('780','admin','Index','login','登录成功','1468243564'),('781','admin','Index','login','登录成功','1468243565'),('782','admin','Index','login','登录成功','1468243565'),('783','admin','Index','login','登录成功','1468243565'),('784','admin','Index','login','登录成功','1468243565'),('785','admin','Index','login','登录成功','1468243565'),('786','admin','Index','login','登录成功','1468339470'),('787','admin','Content','del','新闻删除成功！','1468339537'),('788','admin','Content','del','新闻删除成功！','1468339540'),('789','admin','Content','del','新闻删除成功！','1468339549'),('790','admin','Content','del','新闻删除成功！','1468339553'),('791','admin','Content','del','新闻删除成功！','1468339556'),('792','admin','Content','del','新闻删除成功！','1468339562'),('793','admin','Content','del','新闻删除成功！','1468339566'),('794','admin','Content','del','新闻删除成功！','1468339570'),('795','admin','Content','del','新闻删除成功！','1468339575'),('796','admin','Content','del','新闻删除成功！','1468339580'),('797','admin','Content','del','新闻删除成功！','1468339583'),('798','admin','Content','del','新闻删除成功！','1468339587'),('799','admin','Content','del','新闻删除成功！','1468339591'),('800','admin','Content','del','新闻删除成功！','1468339594'),('801','admin','Content','del','新闻删除成功！','1468339597'),('802','admin','Content','del','新闻删除成功！','1468339599'),('803','admin','Content','del','新闻删除成功！','1468339603'),('804','admin','Content','del','新闻删除成功！','1468339607'),('805','admin','Content','del','新闻删除成功！','1468339610'),('806','admin','Content','del','新闻删除成功！','1468339614'),('807','admin','Content','del','新闻删除成功！','1468339618'),('808','admin','Content','del','新闻删除成功！','1468339621'),('809','admin','Content','del','新闻删除成功！','1468339626'),('810','admin','Content','del','新闻删除成功！','1468339630'),('811','admin','Content','excute','内容提交成功！','1468340169'),('812','admin','Content','excute','内容提交成功！','1468340286'),('813','admin','Content','excute','内容提交成功！','1468340309'),('814','admin','Content','excute','内容提交成功！','1468340323'),('815','admin','Content','excute','内容提交成功！','1468340499'),('816','admin','Index','login','登录成功','1468374527'),('817','admin','Index','login','登录成功','1468407351'),('818','admin','About','excute','新增关于我们页面成功！','1468407432'),('819','admin','Index','login','登录成功','1468407665'),('820','admin','About','excute','编辑关于我们页面成功！','1468407803'),('821','admin','About','excute','编辑关于我们页面成功！','1468408049'),('822','admin','About','excute','编辑关于我们页面成功！','1468408294'),('823','admin','About','excute','编辑关于我们页面成功！','1468410407'),('824','admin','Index','login','登录成功','1468411013'),('825','admin','Index','login','登录成功','1468411021'),('826','admin','Index','login','登录成功','1468481968'),('827','admin','Index','login','登录成功','1468611836'),('828','admin','Index','login','登录成功','1468815734');/* MySQLReback Separation */
 /* 创建表结构 `t_member` */
 DROP TABLE IF EXISTS `t_member`;/* MySQLReback Separation */ CREATE TABLE `t_member` (
  `ID` int(11) NOT NULL AUTO_INCREMENT COMMENT '自增ID',
  `mid` int(10) NOT NULL DEFAULT '0' COMMENT '会员编号ID（时间戳）',
  `mkey` varchar(12) DEFAULT NULL COMMENT '会员识别码(APP中以会员编号名义显示)',
  `pid` int(10) NOT NULL DEFAULT '0' COMMENT '直接上级ID',
  `mname` varchar(120) DEFAULT NULL COMMENT '会员名称',
  `truename` varchar(60) DEFAULT NULL COMMENT '真实姓名',
  `mpwd` varchar(50) DEFAULT NULL COMMENT '登陆密码',
  `apwd` varchar(50) DEFAULT NULL COMMENT '交易密码',
  `wxid` varchar(200) DEFAULT NULL COMMENT '微信openID',
  `wxid_app` varchar(200) DEFAULT NULL COMMENT '微信openID（来自APP）',
  `qqid` varchar(200) DEFAULT NULL COMMENT 'Q开放ID',
  `qqid_app` varchar(200) DEFAULT NULL COMMENT 'Q开放ID(来自APP)',
  `parentids` text COMMENT '上级会员Mid组',
  `childnum` tinyint(4) DEFAULT '0' COMMENT '下线个数',
  `moblie` varchar(12) DEFAULT NULL COMMENT '会员手机号',
  `qqaccout` varchar(20) DEFAULT NULL COMMENT '支付宝账号',
  `weixinaccout` varchar(50) DEFAULT NULL COMMENT '微信号',
  `addtime` int(11) DEFAULT '0' COMMENT '注册时间',
  `quansum` int(11) DEFAULT '0' COMMENT '升级券张数',
  `mnysum` decimal(10,2) DEFAULT '0.00' COMMENT '账户现金余额',
  `mnylock` decimal(10,2) DEFAULT '0.00' COMMENT '用户冻结金额',
  `nowdaynum` int(4) DEFAULT '0' COMMENT '当前签到天数',
  `alldaynum` int(11) DEFAULT '0' COMMENT '总签到天数',
  `signtime` int(12) DEFAULT NULL COMMENT '上次签到时间',
  `dengji` int(2) DEFAULT '0' COMMENT '会员等级0-5',
  `logintime_last` int(11) DEFAULT '0' COMMENT '最后登录时间',
  `flag` int(2) DEFAULT '1' COMMENT '会员状态',
  `markcontent` text COMMENT '备注说明',
  `marktxt` varchar(255) DEFAULT NULL COMMENT '备用2',
  `logintime_prev` int(11) DEFAULT '0' COMMENT '上次登录时间',
  `qrsrc` varchar(200) DEFAULT NULL COMMENT '推广二维码路径',
  `headimgurl` varchar(255) DEFAULT NULL COMMENT '用户头像路径',
  `online` int(2) NOT NULL DEFAULT '0' COMMENT '当前是否在线',
  `deviceid` varchar(255) NOT NULL COMMENT '当前在线的设备标识符',
  PRIMARY KEY (`ID`,`mid`)
) ENGINE=InnoDB AUTO_INCREMENT=127 DEFAULT CHARSET=utf8 COMMENT='会员表';/* MySQLReback Separation */
 /* 插入数据 `t_member` */
 INSERT INTO `t_member` VALUES ('3','1464682815','','0','偷天换RMB','','e10adc3949ba59abbe56e057f20f883e','e10adc3949ba59abbe56e057f20f883e','','','','','','4','15905089352','12345678','tthrmb','1464682852','56','7.79','30.00','2','7','1467865396','5','1468333109','1','','','0','http://wxfx.sbei.cn/Upload/qrcode/1464682815.png','','0',''),('4','1464685147','','0','一水合氨','','e10adc3949ba59abbe56e057f20f883e','e10adc3949ba59abbe56e057f20f883e','','','','','','3','15907558888','12345678','5555588','1464685195','231','288.86','50.00','2','7','1467939368','5','1468395576','1','','','0','http://wxfx.sbei.cn/Upload/qrcode/1464685147.png','','0',''),('5','1464771119','','4','观海听涛11','','e10adc3949ba59abbe56e057f20f883e','e10adc3949ba59abbe56e057f20f883e','','','','','1464685147','4','13866669999','abc@qq.com','abcdef','1464771120','12','66.53','10.00','1','1','1467627875','1','1467681664','1','','','0','http://wxfx.sbei.cn/Upload/qrcode/1464771119.png','http://wx.qlogo.cn/mmopen/PiajxSqBRaELs3MZst1VxDpIEVsmNiaecn7Sh1KqD0cud7FGDic5YGjibFyicTWnqeLmtrrPuofWOEfeRvJG9Wsnm2g/0','0',''),('82','1464778609','','3','范晓军11','','e10adc3949ba59abbe56e057f20f883e','e10adc3949ba59abbe56e057f20f883e','','','','','1464682815','2','15806066210','10528052','tthq08','1464778610','100','168.69','150.00','4','29','1468395070','0','1468395583','1','','','0','http://wxfx.sbei.cn/Upload/qrcode/1464778609.png','http://wx.qlogo.cn/mmopen/ajNVdqHZLLCiczRXJPszdFeM1bU2oDE1aTB60UM3icCUBgNZ6ViamMG1AP2RzBIOcpEcicvtlEjCQqKuIZibjYmwdib9n3J90FibicJDx9eqpyd6140/0','0',''),('83','1464778618','','3','观海听涛22','','e10adc3949ba59abbe56e057f20f883e','e10adc3949ba59abbe56e057f20f883e','','','','','1464682815','1','','','','1464778618','0','0.00','0.00','0','0','','0','0','1','','','0','http://wxfx.sbei.cn/Upload/qrcode/1464778618.png','http://wx.qlogo.cn/mmopen/PiajxSqBRaELs3MZst1VxDpIEVsmNiaecn7Sh1KqD0cud7FGDic5YGjibFyicTWnqeLmtrrPuofWOEfeRvJG9Wsnm2g/0','0',''),('84','1464778638','','4','范晓军22','','e10adc3949ba59abbe56e057f20f883e','e10adc3949ba59abbe56e057f20f883e','','','','','1464685147','0','','','','1464778638','0','0.00','0.00','0','0','','0','0','1','','','0','http://wxfx.sbei.cn/Upload/qrcode/1464778638.png','http://wx.qlogo.cn/mmopen/ajNVdqHZLLCiczRXJPszdFeM1bU2oDE1aTB60UM3icCUBgNZ6ViamMG1AP2RzBIOcpEcicvtlEjCQqKuIZibjYmwdib9n3J90FibicJDx9eqpyd6140/0','0',''),('85','1464778642','','4','观海听涛33','','e10adc3949ba59abbe56e057f20f883e','e10adc3949ba59abbe56e057f20f883e','','','','','1464685147','0','13800138111','3231212','trefd','1464778643','49','30.00','0.00','0','0','','4','1468411136','1','','','0','http://wxfx.sbei.cn/Upload/qrcode/1464778642.png','http://wx.qlogo.cn/mmopen/PiajxSqBRaELs3MZst1VxDpIEVsmNiaecn7Sh1KqD0cud7FGDic5YGjibFyicTWnqeLmtrrPuofWOEfeRvJG9Wsnm2g/0','0',''),('86','1464778662','','5','范晓军33','','e10adc3949ba59abbe56e057f20f883e','e10adc3949ba59abbe56e057f20f883e','','','','','1464685147,1464771119','0','15901006666','314822222','txtm','1464778662','50','105.80','50.00','2','2','1467010751','1','0','1','','','0','http://wxfx.sbei.cn/Upload/qrcode/1464778662.png','http://wx.qlogo.cn/mmopen/ajNVdqHZLLCiczRXJPszdFeM1bU2oDE1aTB60UM3icCUBgNZ6ViamMG1AP2RzBIOcpEcicvtlEjCQqKuIZibjYmwdib9n3J90FibicJDx9eqpyd6140/0','0',''),('87','1464778666','','5','观海听涛44','','e10adc3949ba59abbe56e057f20f883e','e10adc3949ba59abbe56e057f20f883e','','','','','1464685147,1464771119','0','','','','1464778666','10','20.00','0.00','0','0','','0','0','1','','','0','http://wxfx.sbei.cn/Upload/qrcode/1464778666.png','http://wx.qlogo.cn/mmopen/PiajxSqBRaELs3MZst1VxDpIEVsmNiaecn7Sh1KqD0cud7FGDic5YGjibFyicTWnqeLmtrrPuofWOEfeRvJG9Wsnm2g/0','0',''),('88','1464778889','','83','观海听涛55','','e10adc3949ba59abbe56e057f20f883e','e10adc3949ba59abbe56e057f20f883e','','','','','1464682815,1464778618','0','','','','1464778889','0','0.00','0.00','0','0','','0','0','1','','','0','http://wxfx.sbei.cn/Upload/qrcode/1464778889.png','http://wx.qlogo.cn/mmopen/PiajxSqBRaELs3MZst1VxDpIEVsmNiaecn7Sh1KqD0cud7FGDic5YGjibFyicTWnqeLmtrrPuofWOEfeRvJG9Wsnm2g/0','0',''),('89','1464778696','','5','观海听涛66','','e10adc3949ba59abbe56e057f20f883e','e10adc3949ba59abbe56e057f20f883e','','','','','1464685147,1464771119','0','','','','1464778666','0','0.00','0.00','0','0','','0','0','1','','','0','http://wxfx.sbei.cn/Upload/qrcode/1464778696.png','http://wx.qlogo.cn/mmopen/PiajxSqBRaELs3MZst1VxDpIEVsmNiaecn7Sh1KqD0cud7FGDic5YGjibFyicTWnqeLmtrrPuofWOEfeRvJG9Wsnm2g/0','0',''),('90','1464778716','','86','观海听涛77','','e10adc3949ba59abbe56e057f20f883e','e10adc3949ba59abbe56e057f20f883e','','','','','1464685147,1464771119,1464778662','0','15160668888','10510052','wxtest','1464778666','53','83.72','100.00','2','2','1466858170','1','1467195488','1','','','0','http://wxfx.sbei.cn/Upload/qrcode/1464778716.png','http://wx.qlogo.cn/mmopen/PiajxSqBRaELs3MZst1VxDpIEVsmNiaecn7Sh1KqD0cud7FGDic5YGjibFyicTWnqeLmtrrPuofWOEfeRvJG9Wsnm2g/0','0','');/* MySQLReback Separation */
 /* 插入数据 `t_member` */
 INSERT INTO `t_member` VALUES ('91','1464778736','','86','观海听涛88','','e10adc3949ba59abbe56e057f20f883e','e10adc3949ba59abbe56e057f20f883e','','','','','1464685147,1464771119,1464778662','0','','','','1464778666','0','0.00','0.00','0','0','','0','0','1','','','0','http://wxfx.sbei.cn/Upload/qrcode/1464778736.png','http://wx.qlogo.cn/mmopen/PiajxSqBRaELs3MZst1VxDpIEVsmNiaecn7Sh1KqD0cud7FGDic5YGjibFyicTWnqeLmtrrPuofWOEfeRvJG9Wsnm2g/0','0','');/* MySQLReback Separation */
 /* 插入数据 `t_member` */
 INSERT INTO `t_member` VALUES ('92','1464778756','','86','观海听涛99','','e10adc3949ba59abbe56e057f20f883e','e10adc3949ba59abbe56e057f20f883e','','','','','1464685147,1464771119,1464778662','0','15106008888','','','1464778666','57','96.59','50.00','2','2','1466927949','1','1468397062','1','','','0','http://wxfx.sbei.cn/Upload/qrcode/1464778756.png','http://wx.qlogo.cn/mmopen/PiajxSqBRaELs3MZst1VxDpIEVsmNiaecn7Sh1KqD0cud7FGDic5YGjibFyicTWnqeLmtrrPuofWOEfeRvJG9Wsnm2g/0','0',''),('93','1464778786','','90','观海听涛00','','e10adc3949ba59abbe56e057f20f883e','e10adc3949ba59abbe56e057f20f883e','','','','','1464685147,1464771119,1464778662,1464778716','0','15807556666','','','1464778666','94','94.20','10.00','0','5','1467647416','2','1467687579','1','','','0','http://wxfx.sbei.cn/Upload/qrcode/1464778786.png','http://wx.qlogo.cn/mmopen/PiajxSqBRaELs3MZst1VxDpIEVsmNiaecn7Sh1KqD0cud7FGDic5YGjibFyicTWnqeLmtrrPuofWOEfeRvJG9Wsnm2g/0','0',''),('97','1467098301','','85','飞鸟游鱼','','e10adc3949ba59abbe56e057f20f883e','','','','','','1464685147,1464778642','2','15160760000','45237@163.com','dhifk','1467098301','49','20.00','0.00','1','1','1467113240','0','1468395872','1','','','0','http://wxfx.sbei.cn/Upload/qrcode/1467098301.png','','0',''),('100','1467098607','','85','随便取名','','e10adc3949ba59abbe56e057f20f883e','e10adc3949ba59abbe56e057f20f883e','','','','','1464685147,1464778642','0','13799146666','dhgif@163.com','dhsyvjri','1467098607','0','0.00','0.00','1','1','1467800659','0','1467800624','1','','','0','http://wxfx.sbei.cn/Upload/qrcode/1467098607.png','','0',''),('101','1467370892','','89','急需','','e10adc3949ba59abbe56e057f20f883e','e10adc3949ba59abbe56e057f20f883e','','','','','1464685147,1464771119,1464778696','0','13333333333','djwjdvfd','xjskcnnd','1467370892','0','0.00','0.00','0','0','','0','1467722014','1','','','0','http://wxfx.sbei.cn/Upload/qrcode/1467370892.png','','0',''),('102','1467533023','','85','juny','','e10adc3949ba59abbe56e057f20f883e','e10adc3949ba59abbe56e057f20f883e','','','','','1464685147,1464778642','0','13800138000','','13800138002','1467533023','2','0.00','0.00','1','1','1467800677','1','1468464788','1','','','0','http://wxfx.sbei.cn/Upload/qrcode/1467533023.png','','0',''),('103','1467705445','','0','1号','','96e79218965eb72c92a549dd5a330112','96e79218965eb72c92a549dd5a330112','','','','','','0','13666911111','111111','111111','1467705503','99','0.38','0.00','3','3','1468405612','5','1468405682','1','','','0','http://wxfx.sbei.cn/Upload/qrcode/1467705445.png','','0',''),('104','1467705828','','0','61号','','96e79218965eb72c92a549dd5a330112','96e79218965eb72c92a549dd5a330112','','','','','','0','136669116661','111111','111111','1467705859','0','0.00','0.00','0','0','','5','0','1','','','0','http://wxfx.sbei.cn/Upload/qrcode/1467705828.png','','0',''),('106','1467707057','','0','111','','96e79218965eb72c92a549dd5a330112','b0baee9d279d34fa1dfd71aadb908c3f','','','','','','0','13666911113','','','1467707096','0','0.00','0.00','0','0','','5','0','1','','','0','http://wxfx.sbei.cn/Upload/qrcode/1467707057.png','','0',''),('107','1467710064','','103','2号','','e10adc3949ba59abbe56e057f20f883e','e10adc3949ba59abbe56e057f20f883e','','','','','1467705445','0','13666911222','111111','q q q q q q','1467710064','127','65.07','0.00','4','4','1468486876','3','1468482254','1','','','0','http://wxfx.sbei.cn/Upload/qrcode/1467710064.png','','1','358584056836977'),('108','1467720383','','107','3号','','e10adc3949ba59abbe56e057f20f883e','e10adc3949ba59abbe56e057f20f883e','','','','','1467705445,1467710064','0','13666911333','1111','1111','1467720383','104','0.15','0.00','2','2','1468555840','5','1468486622','1','','','0','http://wxfx.sbei.cn/Upload/qrcode/1467720383.png','','0',''),('109','1467721978','','108','4号','','e10adc3949ba59abbe56e057f20f883e','e10adc3949ba59abbe56e057f20f883e','','','','','1467705445,1467710064,1467720383','0','13666911444','仿佛会让','给vbe饿','1467721978','19','59.15','0.00','2','2','1467821258','5','1468496935','1','','','0','http://wxfx.sbei.cn/Upload/qrcode/1467721978.png','','1','860901036533063'),('110','1467724408','','103','测试1号','','e10adc3949ba59abbe56e057f20f883e','25f9e794323b453885f5181f1b624d0b','','','','','1467705445','0','15905000000','admfhc@abc.com','tthsc','1467724408','0','0.00','0.00','0','0','','0','0','1','','','0','http://wxfx.sbei.cn/Upload/qrcode/1467724408.png','','0',''),('111','1467785837','','109','5号','','e10adc3949ba59abbe56e057f20f883e','25f9e794323b453885f5181f1b624d0b','','','','','1467705445,1467710064,1467720383,1467721978','0','13666911555','etyg','gdefg','1467785837','30','0.55','0.00','0','0','','4','1468552645','1','','','0','http://wxfx.sbei.cn/Upload/qrcode/1467785837.png','','0',''),('112','1467786662','','111','6号','','e10adc3949ba59abbe56e057f20f883e','25f9e794323b453885f5181f1b624d0b','','','','','1467705445,1467710064,1467720383,1467721978,1467785837','0','13666911666','jdnfj','积极健康','1467786662','19','0.70','0.00','0','5','1468381939','3','1468244644','1','','','0','http://wxfx.sbei.cn/Upload/qrcode/1467786662.png','','0','');/* MySQLReback Separation */
 /* 插入数据 `t_member` */
 INSERT INTO `t_member` VALUES ('113','1467866437','','107','1号','','e10adc3949ba59abbe56e057f20f883e','25f9e794323b453885f5181f1b624d0b','','','','','1467705445,1467710064','0','13515938888','','','1467866437','0','0.00','0.00','0','0','','0','0','1','','','0','http://wxfx.sbei.cn/Upload/qrcode/1467866437.png','','0','');/* MySQLReback Separation */
 /* 插入数据 `t_member` */
 INSERT INTO `t_member` VALUES ('114','1467883901','','107','2号','','e10adc3949ba59abbe56e057f20f883e','25f9e794323b453885f5181f1b624d0b','','','','','1467705445,1467710064','0','13515935999','','','1467883901','0','0.00','0.00','0','0','','0','0','1','','','0','http://wxfx.sbei.cn/Upload/qrcode/1467883901.png','','0',''),('115','1467906226','','114','1号','时间长呢','e10adc3949ba59abbe56e057f20f883e','25f9e794323b453885f5181f1b624d0b','','','','','1467705445,1467710064,1467883901','0','13666777777','顶焦度计','信基督教','1467906226','0','0.00','0.00','0','0','','0','0','1','','','0','http://wxfx.sbei.cn/Upload/qrcode/1467906226.png','','0',''),('116','1467906340','','114','1号','大家','e10adc3949ba59abbe56e057f20f883e','25f9e794323b453885f5181f1b624d0b','','','','','1467705445,1467710064,1467883901','0','13666777771','','千万人','1467906340','26','0.55','0.00','1','1','1467952955','0','1467952396','1','','','0','http://wxfx.sbei.cn/Upload/qrcode/1467906340.png','','0',''),('117','1468235108','','112','全民私包','龙哥','e10adc3949ba59abbe56e057f20f883e','25f9e794323b453885f5181f1b624d0b','','','','','1467705445,1467710064,1467720383,1467721978,1467785837,1467786662','0','13666912777','','aaqqw','1468235108','0','0.30','0.00','0','0','','0','1468405848','1','','','0','http://182.254.242.153/Upload/qrcode/1468235108.png','','0',''),('118','1468243850','','112','私包测试服务','余剑华','e10adc3949ba59abbe56e057f20f883e','25f9e794323b453885f5181f1b624d0b','','','','','1467705445,1467710064,1467720383,1467721978,1467785837,1467786662','0','13559047888','13559047888','sfhrdm','1468243850','0','0.00','0.00','0','0','','0','0','1','','','0','http://182.254.242.153/Upload/qrcode/1468243850.png','','0',''),('119','1468330151','','111','陶陶','tjs','e10adc3949ba59abbe56e057f20f883e','25f9e794323b453885f5181f1b624d0b','','','','','1467705445,1467710064,1467720383,1467721978,1467785837','0','18055411358','司马南','ssdd','1468330151','0','0.00','0.00','0','0','','0','0','1','','','0','http://182.254.242.153/Upload/qrcode/1468330151.png','','0',''),('120','1468484931','','0','13257740950','孙英杰','e10adc3949ba59abbe56e057f20f883e','25f9e794323b453885f5181f1b624d0b','','','','','','0','13257740950','13257740950','13257740950','1468484931','0','0.00','0.00','0','0','','0','1468485357','1','','','0','http://182.254.242.153/Upload/qrcode/1468484931.png','','0',''),('121','1468485095','','120','132577409501','孙英杰','e10adc3949ba59abbe56e057f20f883e','25f9e794323b453885f5181f1b624d0b','','','','','1468484931','0','13257740951','13257740950','13257740950','1468485095','0','0.00','0.00','0','0','','0','1468486682','1','','','0','http://182.254.242.153/Upload/qrcode/1468485095.png','','0',''),('122','1468485115','','120','132577409502','孙英杰','e10adc3949ba59abbe56e057f20f883e','25f9e794323b453885f5181f1b624d0b','','','','','1468484931','0','13257740952','13257740950','13257740950','1468485115','0','0.00','0.00','0','0','','0','1468486691','1','','','0','http://182.254.242.153/Upload/qrcode/1468485115.png','','1','358521486672911'),('123','1468485131','','120','132577409503','孙英杰','e10adc3949ba59abbe56e057f20f883e','25f9e794323b453885f5181f1b624d0b','','','','','1468484931','0','13257740953','13257740950','13257740950','1468485131','0','0.00','0.00','0','0','','0','0','1','','','0','http://182.254.242.153/Upload/qrcode/1468485131.png','','0',''),('124','1468485210','','120','132577409504','孙英杰','e10adc3949ba59abbe56e057f20f883e','25f9e794323b453885f5181f1b624d0b','','','','','1468484931','0','13257740954','13257740950','13257740950','1468485210','0','0.00','0.00','0','0','','0','1468485223','1','','','0','http://182.254.242.153/Upload/qrcode/1468485210.png','','0',''),('125','1468485293','','121','13257740955','孙英杰','e10adc3949ba59abbe56e057f20f883e','25f9e794323b453885f5181f1b624d0b','','','','','1468484931,1468485095','0','13257740955','13257740955','13257740955','1468485293','0','0.00','0.00','0','0','','0','0','1','','','0','http://182.254.242.153/Upload/qrcode/1468485293.png','','0',''),('126','1468485475','','1','15678040052','孙英杰','e10adc3949ba59abbe56e057f20f883e','25f9e794323b453885f5181f1b624d0b','','','','','','0','15678040052','13257740950','13257740950','1468485475','0','0.00','0.00','0','0','','0','1468485752','1','','','0','http://182.254.242.153/Upload/qrcode/1468485475.png','','1','358521486672911');/* MySQLReback Separation */
 /* 创建表结构 `t_menu` */
 DROP TABLE IF EXISTS `t_menu`;/* MySQLReback Separation */ CREATE TABLE `t_menu` (
  `id` int(4) NOT NULL AUTO_INCREMENT,
  `mnname` varchar(200) NOT NULL COMMENT '目录名称',
  `module_name` varchar(200) NOT NULL COMMENT '模块名',
  `action_name` varchar(200) NOT NULL COMMENT '方法名',
  `pid` int(4) NOT NULL COMMENT '上级目录ID，为0时是顶级目录',
  `menus` int(4) NOT NULL DEFAULT '0',
  `is_show` int(4) NOT NULL DEFAULT '1' COMMENT '是否显示。1为显示，0为隐藏',
  `is_public` int(4) NOT NULL DEFAULT '0' COMMENT '是否公共目录，即不受权限控制影响',
  `icons` varchar(200) DEFAULT NULL COMMENT '目录图标',
  `sort` int(4) NOT NULL DEFAULT '0' COMMENT '排序序号',
  `des` text COMMENT '目录说明',
  `code` varchar(200) DEFAULT NULL COMMENT '附加参数',
  PRIMARY KEY (`id`)
) ENGINE=MyISAM AUTO_INCREMENT=114 DEFAULT CHARSET=utf8 COMMENT='后台菜单表';/* MySQLReback Separation */
 /* 插入数据 `t_menu` */
 INSERT INTO `t_menu` VALUES ('1','系统管理','','','0','4','1','0','fa-cogs','2','系统最核心设置管理',''),('2','后台菜单管理','Menu','Menu','1','7','1','0','fa-list','2','',''),('3','菜单列表','Menu','lists','2','0','1','0','','0','',''),('4','新增菜单','Menu','add','2','0','1','0','','0','',''),('5','删除菜单','Menu','del','2','0','0','0','','0','',''),('6','编辑菜单','Menu','edit','2','0','0','0','','0','',''),('7','系统管理员','Usr','Usr','1','13','1','0','fa-group','1','',''),('8','用户列表','Usr','lists','7','0','1','0','','0','',''),('9','添加用户','Usr','add','7','0','1','0','','0','',''),('10','删除用户','Usr','del','7','0','0','0','','0','',''),('11','编辑用户','Usr','edit','7','0','0','0','','0','',''),('68','模型管理','Modul','Modul','63','2','1','0','fa-object-group','1','',''),('14','文章管理','Content','Content','12','4','1','0','fa-file-text','0','',''),('15','图片集管理','Content','Content','12','4','1','0','fa-th','0','',''),('16','页面管理','Webs','Webs','12','3','1','0','fa-desktop','0','',''),('18','文章列表','Article','lists','14','0','1','0','','0','',''),('19','新增文章','Content','add','14','0','1','0','','0','参数说明：tid为目录类型：1为文章类型，2为图片集类型，3为下载类型，4为视频类型；','ctid=1'),('20','编辑文章','Article','edit','14','0','0','0','','0','',''),('21','删除文章','Article','del','14','0','0','0','','0','',''),('22','新增图片集','Content','add','15','0','1','0','','0','','ctid=2'),('23','图片集列表','Pics','lists','15','0','1','0','','0','',''),('24','删除图片集','Pics','del','15','0','0','0','','0','',''),('25','编辑图片集','Pics','edit','15','0','0','0','','0','',''),('26','页面列表','Webs','lists','16','0','1','0','','0','',''),('27','新增页面','Webs','add','16','0','1','0','','0','',''),('28','编辑页面','0','0','16','0','1','0','','0','',''),('31','站点设置','Set','Set','1','2','1','0','fa-tasks','0','',''),('32','基础信息设置','Set','basic','31','0','1','0','','0','',''),('33','日志管理','Sys','Sys','1','3','1','0','fa-list-alt','0','',''),('34','系统日志','Sys','logs','33','0','1','0','','0','',''),('35','角色管理','Usr','roles','7','0','1','0','','0','',''),('36','权限分配','Usr','authorset','7','0','0','0','','0','',''),('37','下载管理','Content','Content','12','2','1','0','fa-download','0','',''),('38','下载列表','Download','lists','37','0','1','0','','0','',''),('39','新增下载','Content','add','37','0','1','0','','0','','ctid=3'),('40','操作执行模块','Menu','execution','2','0','0','0','','0','',''),('41','系统公共目录','','','0','3','0','1','fa-flag','1000','',''),('42','退出系统','Manage','logout','41','0','0','1','','0','',''),('43','更新系统节点','Manage','fetch_module','2','0','0','0','','0','',''),('44','系统后台框架','Manage','index','41','0','0','1','','0','',''),('45','系统后台首页','Manage','main','41','0','0','1','','0','',''),('46','头像上传','Usr','uploadpic','7','0','0','1','','0','',''),('47','用户操作执行','Usr','execution','7','0','0','0','','0','',''),('50','新增角色','Usr','addrole','7','0','0','0','','0','',''),('51','编辑权限','Usr','edtrole','7','0','0','0','','0','',''),('52','角色操作提交','Usr','roleaction','7','0','0','0','','0','',''),('53','删除角色','Usr','delrole','7','0','0','0','','0','',''),('54','权限变更执行','Usr','authorupdate','7','0','0','0','','0','',''),('56','给菜单选择图标','Sys','icons','2','0','0','1','','0','',''),('57','批量删除日志','Sys','logsdel','33','0','0','0','','0','',''),('58','清空日志','Sys','logclear','33','0','0','0','','0','',''),('59','数据库管理','Database','Database','1','2','1','0','fa-database','0','',''),('60','数据库备份/还原','Database','index','59','0','1','0','','0','',''),('61','数据字典','Database','datatext','59','0','1','0','','0','',''),('62','邮箱设置','Set','mail','31','0','0','0','','0','设置系统的邮箱参数，该参数设置后可通过设定的邮箱向用户发送邮件。',''),('75','会员管理','Member','Member','74','13','1','0','fa-group','0','',''),('64','前台栏目管理','Channel','Channel','63','5','1','0','fa-tasks','0','',''),('65','新增栏目','Channel','add','64','0','1','0','','0','',''),('66','栏目列表','Channel','lists','64','0','1','0','','0','',''),('69','模型列表','Modul','lists','68','0','1','0','','0','',''),('70','新增模型','Modul','add','68','0','1','0','','0','',''),('71','设置排序序号','Channel','sortsingle','64','0','0','0','','0','',''),('72','删除栏目','Channel','del','64','0','0','0','','0','',''),('73','执行新增、编辑操作','Channel','execution','64','0','0','0','','0','',''),('74','会员管理','','','0','5','1','0','fa-group','0','',''),('76','会员列表','Member','lists','75','0','1','0','','0','',''),('77','新增会员','Member','add','75','0','1','0','','0','','pid=0'),('78','编辑会员','Member','edit','75','0','0','0','','0','',''),('79','会员详情','Member','detail','75','0','0','0','','0','','');/* MySQLReback Separation */
 /* 插入数据 `t_menu` */
 INSERT INTO `t_menu` VALUES ('80','删除会员','Member','delete','75','0','0','0','','0','','');/* MySQLReback Separation */
 /* 插入数据 `t_menu` */
 INSERT INTO `t_menu` VALUES ('81','执行操作','Member','excute','75','0','0','0','','0','',''),('82','统计管理','','','0','1','0','0','fa-bar-chart','0','',''),('83','统计管理','Total','Total','82','1','1','0','','0','',''),('84','统计列表','Total','lists','83','0','1','0','','0','',''),('85','红包管理','Member','Member','74','6','1','0','fa-envelope-square','0','',''),('86','升级券红包','Member','packets','85','0','1','0','','0','',''),('87','发升级券红包','Member','givepkt','85','0','0','0','','0','',''),('88','查看红包','Member','showpkt','85','0','0','0','','0','',''),('89','现金红包','Member','mnypackets','85','0','1','0','','0','',''),('90','发现金红包','Member','givemny','85','0','0','0','','0','',''),('91','查看现金红包','Member','showmny','85','0','0','0','','0','',''),('92','新闻管理','Content','Content','74','2','1','0','fa-edit','0','',''),('93','新闻列表','Content','lists','92','0','1','0','','0','','model=1'),('94','发布新闻','Content','add','92','0','1','0','','0','','model=1'),('95','广告管理','Ad','Ad','74','4','1','0','fa-language','0','',''),('96','广告列表','Ad','lists','95','0','1','0','','0','',''),('97','新增广告','Content','add','95','0','1','0','','0','','model=2'),('98','编辑广告','Ad','edit','95','0','0','0','','0','',''),('99','执行变更','Ad','excute','95','0','0','0','','0','',''),('100','关于我们','About','About','74','6','1','0','fa-street-view','0','',''),('101','关于我们','About','aboutlist','100','0','1','0','','0','',''),('102','用户帮助','About','helplist','100','0','1','0','','0','',''),('103','新增页面','About','addweb','100','0','0','0','','0','',''),('104','编辑页面','About','editweb','100','0','0','0','','0','',''),('105','删除页面','About','delweb','100','0','0','0','','0','',''),('106','动作执行','About','excute','100','0','0','0','','0','',''),('107','提现管理','Member','cashlist','75','0','1','0','','0','',''),('108','提现处理','Member','docash','75','0','0','0','','0','',''),('109','会员升级记录','Member','uplist','75','0','1','0','','0','',''),('110','升级券转账记录','Member','transeList','75','0','1','0','','0','',''),('111','会员反馈','Member','feedlist','75','0','1','0','','0','',''),('112','回复反馈','Member','refeed','75','0','0','0','','0','',''),('113','赠送升级券(现金)','Member','gift','75','0','1','0','','0','','');/* MySQLReback Separation */
 /* 创建表结构 `t_mnypacket` */
 DROP TABLE IF EXISTS `t_mnypacket`;/* MySQLReback Separation */ CREATE TABLE `t_mnypacket` (
  `ID` int(11) NOT NULL AUTO_INCREMENT,
  `UID` int(11) NOT NULL COMMENT '红包发放管理员ID',
  `title` varchar(100) DEFAULT NULL COMMENT '红包赞助商',
  `logo` varchar(100) DEFAULT NULL COMMENT '赞助商LOGO',
  `money` decimal(10,2) NOT NULL COMMENT '红包金额',
  `nums` int(10) NOT NULL COMMENT '红包个数',
  `stime` int(11) NOT NULL COMMENT '发放时间',
  `smark` text COMMENT '备注',
  `mny_now` decimal(10,2) DEFAULT '0.00' COMMENT '剩余金额',
  `style` int(2) NOT NULL DEFAULT '1' COMMENT '红包类型(0:平均红包,1:随机红包)',
  `adid` int(11) DEFAULT '0' COMMENT '广告ID（0为随机广告）',
  `prandom` text COMMENT '红包随机数分布',
  PRIMARY KEY (`ID`)
) ENGINE=MyISAM AUTO_INCREMENT=16 DEFAULT CHARSET=utf8 COMMENT='现金红包发送表';/* MySQLReback Separation */
 /* 插入数据 `t_mnypacket` */
 INSERT INTO `t_mnypacket` VALUES ('8','1','HHH','/Upload/image/20160621/1466514251.png','1500.00','20','1466480703','','773.55','1','2','40.5,43.95,65.25,92.4,97.95,104.7,109.2,104.7,61.95,31.5,21.45'),('5','1','aaaa','/Upload/image/20160621/1466514251.png','100.00','10','1466479112','','38.01','1','3','6.73,13.16,10.23,7.89'),('6','1','bbb','/Upload/image/20160621/1466514251.png','30.00','5','1466479129','','0.00','1','2',''),('7','1','FFFF','/Upload/image/20160621/1466514251.png','300.00','10','1466480673','','60.69','1','2','35.85,24.84'),('13','1','中央军委','/Upload/image/20160628/1467125456.png','500.00','10','1467125464','','161.35','1','1','32.8,59.15,59.75,9.65'),('12','1','中央军委','/Upload/image/20160628/1467125107.png','100.00','10','1467125139','','48.09','1','1','9.86,13.16,11.64,9.32,4.11');/* MySQLReback Separation */
 /* 插入数据 `t_mnypacket` */
 INSERT INTO `t_mnypacket` VALUES ('14','1','剑哥的红包','/Upload/image/&lt;!DOCTYPE html PUBLIC &quot;-//W3C//DTD XHTML 1.0 Transitional//EN&quot; &quot;http','100.00','1000','1467785466','','99.75','1','5','0.01,0.01,0.02,0.02,0.02,0.02,0.02,0.02,0.02,0.03,0.03,0.03,0.03,0.03,0.03,0.03,0.03,0.03,0.03,0.03,0.03,0.03,0.03,0.03,0.04,0.04,0.04,0.04,0.04,0.04,0.04,0.04,0.04,0.04,0.04,0.04,0.04,0.04,0.04,0.04,0.05,0.05,0.05,0.05,0.05,0.05,0.05,0.05,0.05,0.05,0.05,0.05,0.05,0.05,0.05,0.05,0.05,0.05,0.05,0.05,0.05,0.05,0.05,0.05,0.05,0.05,0.05,0.06,0.06,0.06,0.06,0.06,0.06,0.06,0.06,0.06,0.06,0.06,0.06,0.06,0.06,0.06,0.06,0.06,0.06,0.06,0.06,0.06,0.06,0.06,0.06,0.06,0.06,0.07,0.07,0.07,0.07,0.07,0.07,0.07,0.07,0.07,0.07,0.07,0.07,0.07,0.07,0.07,0.07,0.07,0.07,0.07,0.07,0.07,0.07,0.07,0.07,0.07,0.07,0.07,0.07,0.07,0.07,0.07,0.07,0.07,0.08,0.08,0.08,0.08,0.08,0.08,0.08,0.08,0.08,0.08,0.08,0.08,0.08,0.08,0.08,0.08,0.08,0.08,0.08,0.08,0.08,0.08,0.08,0.08,0.08,0.08,0.08,0.08,0.08,0.08,0.08,0.08,0.08,0.08,0.08,0.08,0.08,0.08,0.08,0.09,0.09,0.09,0.09,0.09,0.09,0.09,0.09,0.09,0.09,0.09,0.09,0.09,0.09,0.09,0.09,0.09,0.09,0.09,0.09,0.09,0.09,0.09,0.09,0.09,0.09,0.09,0.09,0.09,0.09,0.09,0.09,0.09,0.09,0.09,0.09,0.09,0.1,0.1,0.1,0.1,0.1,0.1,0.1,0.1,0.1,0.1,0.1,0.1,0.1,0.1,0.1,0.1,0.1,0.1,0.1,0.1,0.1,0.1,0.1,0.1,0.1,0.1,0.1,0.1,0.1,0.1,0.1,0.1,0.1,0.1,0.1,0.1,0.1,0.1,0.1,0.1,0.11,0.11,0.11,0.11,0.11,0.11,0.11,0.11,0.11,0.11,0.11,0.11,0.11,0.11,0.11,0.11,0.11,0.11,0.11,0.11,0.11,0.11,0.11,0.11,0.11,0.11,0.11,0.11,0.11,0.11,0.11,0.11,0.11,0.11,0.11,0.11,0.11,0.11,0.11,0.11,0.11,0.11,0.11,0.11,0.11,0.11,0.12,0.12,0.12,0.12,0.12,0.12,0.12,0.12,0.12,0.12,0.12,0.12,0.12,0.12,0.12,0.12,0.12,0.12,0.12,0.12,0.12,0.12,0.12,0.12,0.12,0.12,0.12,0.12,0.12,0.12,0.12,0.12,0.12,0.12,0.12,0.12,0.12,0.12,0.12,0.12,0.12,0.12,0.12,0.12,0.12,0.12,0.12,0.12,0.12,0.12,0.12,0.12,0.12,0.12,0.12,0.13,0.13,0.13,0.13,0.13,0.13,0.13,0.13,0.13,0.13,0.13,0.13,0.13,0.13,0.13,0.13,0.13,0.13,0.13,0.13,0.13,0.13,0.13,0.13,0.13,0.13,0.13,0.13,0.13,0.13,0.13,0.13,0.13,0.13,0.13,0.13,0.13,0.13,0.13,0.13,0.13,0.13,0.13,0.13,0.13,0.13,0.13,0.13,0.13,0.13,0.13,0.13,0.13,0.13,0.13,0.13,0.13,0.13,0.13,0.13,0.13,0.13,0.14,0.14,0.14,0.14,0.14,0.14,0.14,0.14,0.14,0.14,0.14,0.14,0.14,0.14,0.14,0.14,0.14,0.14,0.14,0.14,0.14,0.14,0.14,0.14,0.14,0.14,0.14,0.14,0.14,0.14,0.14,0.14,0.14,0.14,0.14,0.14,0.14,0.14,0.14,0.14,0.14,0.14,0.14,0.14,0.14,0.14,0.14,0.14,0.14,0.14,0.14,0.14,0.14,0.14,0.14,0.14,0.14,0.14,0.14,0.14,0.14,0.14,0.14,0.14,0.14,0.14,0.14,0.15,0.15,0.15,0.15,0.15,0.15,0.15,0.15,0.15,0.15,0.15,0.15,0.15,0.15,0.15,0.15,0.15,0.15,0.15,0.15,0.15,0.15,0.15,0.15,0.18000000000018,0.15,0.15,0.15,0.15,0.15,0.15,0.15,0.15,0.15,0.15,0.15,0.15,0.15,0.15,0.15,0.15,0.15,0.15,0.15,0.15,0.15,0.15,0.15,0.15,0.14,0.14,0.14,0.14,0.14,0.14,0.14,0.14,0.14,0.14,0.14,0.14,0.14,0.14,0.14,0.14,0.14,0.14,0.14,0.14,0.14,0.14,0.14,0.14,0.14,0.14,0.14,0.14,0.14,0.14,0.14,0.14,0.14,0.14,0.14,0.14,0.14,0.14,0.14,0.14,0.14,0.14,0.14,0.14,0.14,0.14,0.14,0.14,0.14,0.14,0.14,0.14,0.14,0.14,0.14,0.14,0.14,0.14,0.14,0.14,0.14,0.14,0.14,0.14,0.14,0.14,0.14,0.14,0.13,0.13,0.13,0.13,0.13,0.13,0.13,0.13,0.13,0.13,0.13,0.13,0.13,0.13,0.13,0.13,0.13,0.13,0.13,0.13,0.13,0.13,0.13,0.13,0.13,0.13,0.13,0.13,0.13,0.13,0.13,0.13,0.13,0.13,0.13,0.13,0.13,0.13,0.13,0.13,0.13,0.13,0.13,0.13,0.13,0.13,0.13,0.13,0.13,0.13,0.13,0.13,0.13,0.13,0.13,0.13,0.13,0.13,0.13,0.13,0.13,0.12,0.12,0.12,0.12,0.12,0.12,0.12,0.12,0.12,0.12,0.12,0.12,0.12,0.12,0.12,0.12,0.12,0.12,0.12,0.12,0.12,0.12,0.12,0.12,0.12,0.12,0.12,0.12,0.12,0.12,0.12,0.12,0.12,0.12,0.12,0.12,0.12,0.12,0.12,0.12,0.12,0.12,0.12,0.12,0.12,0.12,0.12,0.12,0.12,0.12,0.12,0.12,0.12,0.12,0.12,0.12,0.11,0.11,0.11,0.11,0.11,0.11,0.11,0.11,0.11,0.11,0.11,0.11,0.11,0.11,0.11,0.11,0.11,0.11,0.11,0.11,0.11,0.11,0.11,0.11,0.11,0.11,0.11,0.11,0.11,0.11,0.11,0.11,0.11,0.11,0.11,0.11,0.11,0.11,0.11,0.11,0.11,0.11,0.11,0.11,0.11,0.11,0.11,0.1,0.1,0.1,0.1,0.1,0.1,0.1,0.1,0.1,0.1,0.1,0.1,0.1,0.1,0.1,0.1,0.1,0.1,0.1,0.1,0.1,0.1,0.1,0.1,0.1,0.1,0.1,0.1,0.1,0.1,0.1,0.1,0.1,0.1,0.1,0.1,0.1,0.1,0.1,0.1,0.09,0.09,0.09,0.09,0.09,0.09,0.09,0.09,0.09,0.09,0.09,0.09,0.09,0.09,0.09,0.09,0.09,0.09,0.09,0.09,0.09,0.09,0.09,0.09,0.09,0.09,0.09,0.09,0.09,0.09,0.09,0.09,0.09,0.09,0.09,0.09,0.09,0.08,0.08,0.08,0.08,0.08,0.08,0.08,0.08,0.08,0.08,0.08,0.08,0.08,0.08,0.08,0.08,0.08,0.08,0.08,0.08,0.08,0.08,0.08,0.08,0.08,0.08,0.08,0.08,0.08,0.08,0.08,0.08,0.08,0.08,0.08,0.08,0.08,0.08,0.08,0.07,0.07,0.07,0.07,0.07,0.07,0.07,0.07,0.07,0.07,0.07,0.07,0.07,0.07,0.07,0.07,0.07,0.07,0.07,0.07,0.07,0.07,0.07,0.07,0.07,0.07,0.07,0.07,0.07,0.07,0.07,0.07,0.07,0.06,0.06,0.06,0.06,0.06,0.06,0.06,0.06,0.06,0.06,0.06,0.06,0.06,0.06,0.06,0.06,0.06,0.06,0.06,0.06,0.06,0.06,0.06,0.06,0.06,0.06,0.06,0.05,0.05,0.05,0.05,0.05,0.05,0.05,0.05,0.05,0.05,0.05,0.05,0.05,0.05,0.05,0.05,0.05,0.05,0.05,0.05,0.05,0.05,0.05,0.05,0.05,0.05,0.05,0.05,0.04,0.04,0.04,0.04,0.04,0.04,0.04,0.04,0.04,0.04,0.04,0.04,0.04,0.04,0.04,0.04,0.03,0.03,0.03,0.03,0.03,0.03,0.03,0.03,0.03,0.03,0.03,0.03,0.03,0.03,0.02,0.02,0.02,0.02,0.02,0.02,0.02,0.01,0.01,0.01');/* MySQLReback Separation */
 /* 插入数据 `t_mnypacket` */
 INSERT INTO `t_mnypacket` VALUES ('15','1','韩美整形','/Upload/image/&lt;!DOCTYPE html PUBLIC &quot;-//W3C//DTD XHTML 1.0 Transitional//EN&quot; &quot;http','500.00','1000','1467804110','啦啦啦啦啦','495.20','1','1','0.05,0.05,0.05,0.05,0.1,0.1,0.1,0.1,0.1,0.1,0.1,0.1,0.1,0.15,0.15,0.15,0.15,0.15,0.15,0.15,0.15,0.15,0.15,0.15,0.15,0.15,0.15,0.15,0.2,0.2,0.2,0.2,0.2,0.2,0.2,0.2,0.2,0.2,0.2,0.2,0.2,0.2,0.2,0.25,0.25,0.25,0.25,0.25,0.25,0.25,0.25,0.25,0.25,0.25,0.25,0.25,0.25,0.25,0.25,0.25,0.25,0.25,0.25,0.25,0.25,0.25,0.3,0.3,0.3,0.3,0.3,0.3,0.3,0.3,0.3,0.3,0.3,0.3,0.3,0.3,0.3,0.3,0.3,0.3,0.3,0.3,0.3,0.3,0.3,0.35,0.35,0.35,0.35,0.35,0.35,0.35,0.35,0.35,0.35,0.35,0.35,0.35,0.35,0.35,0.35,0.35,0.35,0.35,0.35,0.35,0.35,0.35,0.35,0.35,0.35,0.35,0.35,0.35,0.35,0.35,0.35,0.35,0.35,0.35,0.4,0.4,0.4,0.4,0.4,0.4,0.4,0.4,0.4,0.4,0.4,0.4,0.4,0.4,0.4,0.4,0.4,0.4,0.4,0.4,0.4,0.4,0.4,0.4,0.4,0.4,0.4,0.4,0.4,0.4,0.4,0.4,0.4,0.4,0.4,0.4,0.4,0.4,0.4,0.45,0.45,0.45,0.45,0.45,0.45,0.45,0.45,0.45,0.45,0.45,0.45,0.45,0.45,0.45,0.45,0.45,0.45,0.45,0.45,0.45,0.45,0.45,0.45,0.45,0.45,0.45,0.45,0.45,0.45,0.45,0.5,0.5,0.5,0.5,0.5,0.5,0.5,0.5,0.5,0.5,0.5,0.5,0.5,0.5,0.5,0.5,0.5,0.5,0.5,0.5,0.5,0.5,0.5,0.5,0.5,0.5,0.5,0.5,0.5,0.5,0.5,0.5,0.5,0.5,0.5,0.5,0.5,0.5,0.5,0.5,0.5,0.5,0.5,0.5,0.55,0.55,0.55,0.55,0.55,0.55,0.55,0.55,0.55,0.55,0.55,0.55,0.55,0.55,0.55,0.55,0.55,0.55,0.55,0.55,0.55,0.55,0.55,0.55,0.55,0.55,0.55,0.55,0.55,0.55,0.55,0.55,0.55,0.55,0.55,0.55,0.55,0.55,0.55,0.55,0.55,0.55,0.55,0.55,0.55,0.55,0.55,0.6,0.6,0.6,0.6,0.6,0.6,0.6,0.6,0.6,0.6,0.6,0.6,0.6,0.6,0.6,0.6,0.6,0.6,0.6,0.6,0.6,0.6,0.6,0.6,0.6,0.6,0.6,0.6,0.6,0.6,0.6,0.6,0.6,0.6,0.6,0.6,0.6,0.6,0.6,0.6,0.6,0.6,0.6,0.6,0.6,0.6,0.6,0.6,0.6,0.6,0.6,0.6,0.6,0.6,0.6,0.6,0.6,0.6,0.6,0.6,0.65,0.65,0.65,0.65,0.65,0.65,0.65,0.65,0.65,0.65,0.65,0.65,0.65,0.65,0.65,0.65,0.65,0.65,0.65,0.65,0.65,0.65,0.65,0.65,0.65,0.65,0.65,0.65,0.65,0.65,0.65,0.65,0.65,0.65,0.65,0.65,0.65,0.65,0.65,0.65,0.65,0.65,0.65,0.65,0.65,0.65,0.65,0.65,0.65,0.65,0.65,0.65,0.65,0.65,0.65,0.65,0.65,0.65,0.65,0.65,0.7,0.7,0.7,0.7,0.7,0.7,0.7,0.7,0.7,0.7,0.7,0.7,0.7,0.7,0.7,0.7,0.7,0.7,0.7,0.7,0.7,0.7,0.7,0.7,0.7,0.7,0.7,0.7,0.7,0.7,0.7,0.7,0.7,0.7,0.7,0.7,0.7,0.7,0.7,0.7,0.7,0.7,0.7,0.7,0.7,0.7,0.7,0.7,0.7,0.7,0.7,0.7,0.7,0.7,0.7,0.7,0.7,0.7,0.7,0.7,0.7,0.7,0.75,0.75,0.75,0.75,0.75,0.75,0.75,0.75,0.75,0.75,0.75,0.75,0.75,0.75,0.75,0.75,0.75,0.75,0.75,0.75,0.75,0.75,0.75,0.75,0.75,0.75,0.75,0.75,0.75,0.75,0.75,0.75,0.75,0.75,0.75,0.75,0.75,0.75,0.75,0.75,0.75,0.75,0.75,0.75,0.75,0.75,0.75,0.75,0.75,0.75,0.75,0.75,0.75,0.7,0.7,0.7,0.7,0.7,0.7,0.7,0.7,0.7,0.7,0.7,0.7,0.7,0.7,0.7,0.7,0.7,0.7,0.7,0.7,0.7,0.7,0.7,0.7,0.7,0.7,0.7,0.7,0.7,0.7,0.7,0.7,0.7,0.7,0.7,0.7,0.7,0.7,0.7,0.7,0.7,0.7,0.7,0.7,0.7,0.7,0.7,0.7,0.7,0.7,0.7,0.7,0.7,0.7,0.7,0.7,0.7,0.7,0.7,0.7,0.7,0.7,0.7,0.7,0.65,0.65,0.65,0.65,0.65,0.65,0.65,0.65,0.65,0.65,0.65,0.65,0.65,0.65,0.65,0.65,0.65,0.65,0.65,0.65,0.65,0.65,0.65,0.65,0.65,0.65,0.65,0.65,0.65,0.65,0.65,0.65,0.65,0.65,0.65,0.65,0.65,0.65,0.65,0.65,0.65,0.65,0.65,0.65,0.65,0.65,0.65,0.65,0.65,0.65,0.65,0.65,0.65,0.65,0.65,0.65,0.65,0.65,0.65,0.6,0.6,0.6,0.6,0.6,0.6,0.6,0.6,0.6,0.6,0.6,0.6,0.6,0.6,0.6,0.6,0.6,0.6,0.6,0.6,0.6,0.6,0.6,0.6,0.6,0.6,0.6,0.6,0.6,0.6,0.6,0.6,0.6,0.6,0.6,0.6,0.6,0.6,0.6,0.6,0.6,0.6,0.6,0.6,0.6,0.6,0.6,0.6,0.6,0.6,0.6,0.6,0.6,0.6,0.6,0.6,0.6,0.6,0.6,0.6,0.6,0.55,0.55,0.55,0.55,0.55,0.55,0.55,0.55,0.55,0.55,0.55,0.55,0.55,0.55,0.55,0.55,0.55,0.55,0.55,0.55,0.55,0.55,0.55,0.55,0.55,0.55,0.55,0.55,0.55,0.55,0.55,0.55,0.55,0.55,0.55,0.55,0.55,0.55,0.55,0.55,0.55,0.55,0.55,0.55,0.55,0.55,0.55,0.5,0.5,0.5,0.5,0.5,0.5,0.5,0.5,0.5,0.5,0.5,0.5,0.5,0.5,0.5,0.5,0.5,0.5,0.5,0.5,0.5,0.5,0.5,0.5,0.5,0.5,0.5,0.5,0.5,0.5,0.5,0.5,0.5,0.5,0.5,0.5,0.5,0.5,0.5,0.5,0.5,0.5,0.45,0.45,0.45,0.45,0.45,0.45,0.45,0.45,0.45,0.45,0.45,0.45,0.45,0.45,0.45,0.45,0.45,0.45,0.45,0.45,0.45,0.45,0.45,0.45,0.45,0.45,0.45,0.45,0.45,0.45,0.45,0.4,0.4,0.4,0.4,0.4,0.4,0.4,0.4,0.4,0.4,0.4,0.4,0.4,0.4,0.4,0.4,0.4,0.4,0.4,0.4,0.4,0.4,0.4,0.4,0.4,0.4,0.4,0.4,0.4,0.4,0.4,0.4,0.4,0.4,0.4,0.4,0.4,0.4,0.4,0.4,0.35,0.35,0.35,0.35,0.35,0.35,0.35,0.35,0.35,0.35,0.35,0.35,0.35,0.35,0.35,0.35,0.35,0.35,0.35,0.35,0.35,0.35,0.35,0.35,0.35,0.35,0.35,0.35,0.35,0.35,0.35,0.35,0.35,0.35,0.35,0.35,0.3,0.3,0.3,0.3,0.3,0.3,0.3,0.3,0.3,0.3,0.3,0.3,0.3,0.3,0.3,0.3,0.3,0.3,0.3,0.3,0.3,0.3,0.3,0.3,0.3,0.25,0.25,0.25,0.25,0.25,0.25,0.25,0.25,0.25,0.25,0.25,0.25,0.25,0.25,0.25,0.25,0.25,0.25,0.25,0.25,0.25,0.25,0.25,0.2,0.2,0.2,0.2,0.2,0.2,0.2,0.2,0.2,0.2,0.2,0.2,0.2,0.2,0.1500000000014,0.15,0.15,0.15,0.15,0.15,0.15,0.15,0.15,0.15,0.15,0.15,0.15,0.15,0.1,0.1,0.1,0.1,0.1,0.1,0.1,0.1,0.1,0.05,0.05,0.05,0.05,0');/* MySQLReback Separation */
 /* 创建表结构 `t_mnypacketnow` */
 DROP TABLE IF EXISTS `t_mnypacketnow`;/* MySQLReback Separation */ CREATE TABLE `t_mnypacketnow` (
  `id` int(11) NOT NULL AUTO_INCREMENT,
  `acceptID` int(11) NOT NULL COMMENT '抢包人ID',
  `getmny` decimal(10,2) NOT NULL COMMENT '所得金额',
  `stime` int(11) NOT NULL COMMENT '抢得红包时间',
  `pid` int(11) NOT NULL COMMENT '红包ID',
  PRIMARY KEY (`id`)
) ENGINE=MyISAM AUTO_INCREMENT=93 DEFAULT CHARSET=utf8 COMMENT='现金红包授受表';/* MySQLReback Separation */
 /* 插入数据 `t_mnypacketnow` */
 INSERT INTO `t_mnypacketnow` VALUES ('68','82','12.78','1467113972','10'),('67','4','11.07','1467113938','10'),('66','4','109.10','1467111932','9'),('65','82','107.70','1467111914','9'),('64','86','13.30','1466930378','5'),('63','86','34.35','1466930331','7'),('62','86','108.15','1466930321','8'),('61','0','42.75','1466929974','8'),('60','92','30.69','1466860459','7'),('59','92','105.90','1466860422','8'),('58','90','35.07','1466760492','7'),('57','90','90.15','1466760477','8'),('56','93','2.78','1466680718','5'),('55','93','29.97','1466678679','7'),('54','93','75.45','1466678623','8'),('53','82','11.26','1466580815','5'),('52','82','33.24','1466580629','7'),('51','82','96.90','1466580615','8'),('50','4','22.65','1466570272','7'),('49','4','24.75','1466570239','8'),('48','3','32.16','1466570097','7'),('47','3','79.95','1466570046','8'),('46','5','9.36','1466501432','5'),('45','5','21.18','1466501178','7'),('44','5','102.45','1466501143','8'),('43','5','9.93','1466479873','6'),('42','1','9.50','1466479508','6'),('41','2','2.35','1466479503','6'),('40','3','3.84','1466479489','6'),('39','4','4.38','1466479483','6'),('38','4','10.82','1466479467','5'),('37','3','14.47','1466479462','5'),('69','90','58.50','1467195589','13'),('70','3','4.93','1467277858','12'),('71','4','11.64','1467424645','12'),('72','5','64.20','1467424674','13'),('73','5','12.33','1467424780','12'),('74','4','59.15','1467424859','13'),('75','82','46.90','1467726737','13'),('76','82','9.86','1467726907','12'),('77','109','45.65','1467779616','13'),('78','109','13.15','1467779638','12'),('79','107','0.12','1467785671','14'),('80','107','64.25','1467785704','13'),('81','103','0.08','1467789297','14'),('82','82','0.05','1467797257','14'),('83','111','0.55','1467804252','15'),('84','103','0.30','1467806177','15'),('85','112','0.70','1467820686','15'),('86','107','0.70','1467881307','15'),('87','4','0.50','1467904270','15'),('88','116','0.55','1467952660','15'),('89','3','0.70','1468333153','15'),('90','117','0.30','1468492006','15'),('91','109','0.35','1468497155','15'),('92','108','0.15','1468748374','15');/* MySQLReback Separation */
 /* 创建表结构 `t_model` */
 DROP TABLE IF EXISTS `t_model`;/* MySQLReback Separation */ CREATE TABLE `t_model` (
  `id` int(4) NOT NULL AUTO_INCREMENT,
  `title` varchar(200) NOT NULL COMMENT '模型名称',
  `mark` varchar(100) NOT NULL COMMENT '模型标志',
  `table_name` varchar(100) NOT NULL COMMENT '模型绑定数据表名',
  `status` int(4) NOT NULL DEFAULT '1' COMMENT '是否启用(1:启用，2:不启用)',
  `is_single` int(4) NOT NULL DEFAULT '0' COMMENT '是否单页模型(1:是，2:不是)',
  `is_sys` int(4) NOT NULL DEFAULT '0' COMMENT '是否系统模型，系统模型管理员无法删除',
  PRIMARY KEY (`id`)
) ENGINE=MyISAM AUTO_INCREMENT=3 DEFAULT CHARSET=utf8 COMMENT='内容模型表';/* MySQLReback Separation */
 /* 插入数据 `t_model` */
 INSERT INTO `t_model` VALUES ('1','新闻模型','news','news','1','0','0'),('2','广告模型','ad','ad','1','0','0');/* MySQLReback Separation */
 /* 创建表结构 `t_model_fields` */
 DROP TABLE IF EXISTS `t_model_fields`;/* MySQLReback Separation */ CREATE TABLE `t_model_fields` (
  `id` int(4) NOT NULL AUTO_INCREMENT,
  `field_name` varchar(150) NOT NULL COMMENT '字段名',
  `field_title` varchar(200) NOT NULL COMMENT '字段标题',
  `field_type` varchar(60) NOT NULL COMMENT '字段类型',
  `field_value` varchar(255) DEFAULT NULL COMMENT '字段默认值',
  `field_length` mediumint(8) DEFAULT NULL COMMENT '字段长度',
  `field_tip` varchar(255) DEFAULT NULL COMMENT '字段提示信息',
  `model_id` int(4) NOT NULL COMMENT '所属模型ID',
  `is_sys` int(4) NOT NULL DEFAULT '0' COMMENT '是否系统字段(系统字段无法删除)',
  `status` int(4) NOT NULL DEFAULT '1' COMMENT '是否启用',
  `sort` int(4) DEFAULT '0' COMMENT '排序序号',
  `show_type` varchar(50) DEFAULT NULL COMMENT '表现形式(文本框,多行文本框,下拉框,单选框,复选框等待)',
  `show_value` text COMMENT '选值内容(存储选择性组件的选项内容)',
  PRIMARY KEY (`id`)
) ENGINE=MyISAM AUTO_INCREMENT=31 DEFAULT CHARSET=utf8 COMMENT='模型字段表';/* MySQLReback Separation */
 /* 插入数据 `t_model_fields` */
 INSERT INTO `t_model_fields` VALUES ('1','title','标题','VARCHAR','','255','标题','1','1','1','0','input',''),('2','thumb','缩略图','VARCHAR','','255','缩略图','1','1','0','0','img',''),('3','seo_title','SEO标题','VARCHAR','','255','SEO标题','1','1','0','0','input',''),('4','seo_des','SEO描述','TEXT','','0','SEO描述','1','1','0','0','input',''),('5','seo_key','SEO关键词','VARCHAR','','255','SEO关键词','1','1','0','0','key',''),('6','description','简述','TEXT','','0','简述','1','1','1','0','textarea',''),('7','content','内容','TEXT','','0','内容','1','1','1','0','html',''),('8','hits','点击数','INT','0','6','点击数','1','1','1','0','sys',''),('9','addtime','发布时间','INT','0','11','发布时间','1','1','1','0','sys',''),('10','editime','编辑时间','INT','0','11','编辑时间','1','1','1','0','sys',''),('11','sort','排序序号','INT','0','11','排序序号','1','1','1','0','sys',''),('12','uid','发布人ID','INT','','11','','1','0','1','0','sys',''),('13','title','标题','VARCHAR','','255','标题','2','1','1','0','input',''),('14','thumb','广告缩略图','VARCHAR','','255','广告缩略图，打开红包时5秒显示【最大分辨率：623*885px等比例图】','2','1','1','0','img',''),('15','seo_title','SEO标题','VARCHAR','','255','SEO标题','2','1','0','0','input',''),('16','seo_des','SEO描述','TEXT','','0','SEO描述','2','1','0','0','input',''),('17','seo_key','SEO关键词','VARCHAR','','255','SEO关键词','2','1','0','0','key',''),('18','description','简述','TEXT','','0','简述','2','1','1','1','textarea',''),('19','content','内容','TEXT','','0','内容','2','1','0','0','html',''),('20','hits','点击数','INT','0','6','点击数','2','1','1','0','sys',''),('21','addtime','发布时间','INT','0','11','发布时间','2','1','1','0','sys',''),('22','editime','编辑时间','INT','0','11','编辑时间','2','1','1','0','sys',''),('23','sort','排序序号','INT','0','11','排序序号','2','1','1','0','sys',''),('24','s_time','开始时间','VARCHAR','','12','请设置广告的生效开始时间','2','0','1','1','laydate',''),('25','e_time','到期时间','VARCHAR','','12','请设置广告到期时间','2','0','1','1','laydate',''),('27','status','是否启用','INT','1','2','','2','0','1','1','radio','0|停用
1|启用'),('28','uid','发布人','INT','0','11','','2','0','1','0','sys',''),('29','url','广告链接','VARCHAR','','255','请输入广告的跳转链接','2','0','1','0','input',''),('30','mphoto','广告主图','VARCHAR','','255','此为广告主图，显示在红包详情及各页面之中【最大分辨率：720*255px等比例图】','2','0','1','0','img','');/* MySQLReback Separation */
 /* 创建表结构 `t_module` */
 DROP TABLE IF EXISTS `t_module`;/* MySQLReback Separation */ CREATE TABLE `t_module` (
  `id` int(10) unsigned NOT NULL AUTO_INCREMENT,
  `name` varchar(45) DEFAULT NULL COMMENT '名称',
  `appname` varchar(45) DEFAULT NULL COMMENT '项目',
  `groupname` varchar(45) DEFAULT NULL COMMENT '分组',
  `modulename` varchar(45) DEFAULT NULL COMMENT '模块',
  `functionname` varchar(45) DEFAULT NULL COMMENT '方法',
  `status` varchar(45) DEFAULT NULL COMMENT '状态',
  PRIMARY KEY (`id`)
) ENGINE=MyISAM AUTO_INCREMENT=157 DEFAULT CHARSET=utf8 COMMENT='系统相关节点表';/* MySQLReback Separation */
 /* 插入数据 `t_module` */
 INSERT INTO `t_module` VALUES ('1','','Application','Api','Api','wxAuthor',''),('2','','Application','Api','Api','regByUsr',''),('3','','Application','Api','Api','regAuto',''),('4','','Application','Api','Api','getWxAccToken',''),('5','','Application','Api','Api','theme',''),('6','','Application','Api','News','getnewslist',''),('7','','Application','Api','News','shownews',''),('8','','Application','Api','News','theme',''),('9','','Application','Api','Packet','getpacket',''),('10','','Application','Api','Packet','showpacket',''),('11','','Application','Api','Packet','acceptpacket',''),('12','','Application','Api','Packet','theme',''),('13','','Application','Api','User','regmember',''),('14','','Application','Api','User','checklogin',''),('15','','Application','Api','User','memlogout',''),('16','','Application','Api','User','addfeed',''),('17','','Application','Api','User','signin',''),('18','','Application','Api','User','getmemberinfo',''),('19','','Application','Api','User','addtemp',''),('20','','Application','Api','User','getmemberpaper',''),('21','','Application','Api','User','getmembermny',''),('22','','Application','Api','User','ineedmny',''),('23','','Application','Api','User','transpaper',''),('24','','Application','Api','User','changepwd',''),('25','','Application','Api','User','changesafe',''),('26','','Application','Api','User','editinfo',''),('27','','Application','Api','User','getboss',''),('28','','Application','Api','User','upgrademe',''),('29','','Application','Api','User','upgrademny',''),('30','','Application','Api','User','getdefaultpwd',''),('31','','Application','Api','User','issentted',''),('32','','Application','Api','User','getuplist',''),('33','','Application','Api','User','upagree',''),('34','','Application','Api','User','getfirsteam',''),('35','','Application','Api','User','getmemberteam',''),('36','','Application','Api','User','getDownline',''),('37','','Application','Api','User','teamcount',''),('38','','Application','Api','User','countLevelMember',''),('39','','Application','Api','User','getFloorMemberNum',''),('40','','Application','Api','User','getweblist',''),('41','','Application','Api','User','webdetail',''),('42','','Application','Api','User','theme',''),('43','','Application','Admin','About','aboutlist',''),('44','','Application','Admin','About','helplist',''),('45','','Application','Admin','About','addweb',''),('46','','Application','Admin','About','editweb',''),('47','','Application','Admin','About','delweb',''),('48','','Application','Admin','About','onoff',''),('49','','Application','Admin','About','excute',''),('50','','Application','Admin','About','theme',''),('51','','Application','Admin','Ad','lists',''),('52','','Application','Admin','Ad','edit',''),('53','','Application','Admin','Ad','del',''),('54','','Application','Admin','Ad','theme',''),('55','','Application','Admin','Channel','lists',''),('56','','Application','Admin','Channel','sortsingle',''),('57','','Application','Admin','Channel','getSubChannel',''),('58','','Application','Admin','Channel','add',''),('59','','Application','Admin','Channel','edit',''),('60','','Application','Admin','Channel','execution',''),('61','','Application','Admin','Channel','del',''),('62','','Application','Admin','Channel','theme',''),('63','','Application','Admin','Common','theme',''),('64','','Application','Admin','Content','add',''),('65','','Application','Admin','Content','lists',''),('66','','Application','Admin','Content','edit',''),('67','','Application','Admin','Content','del',''),('68','','Application','Admin','Content','excute',''),('69','','Application','Admin','Content','uploadpic',''),('70','','Application','Admin','Content','uploadpics',''),('71','','Application','Admin','Content','theme',''),('72','','Application','Admin','Database','index',''),('73','','Application','Admin','Database','datatext',''),('74','','Application','Admin','Database','theme',''),('75','','Application','Admin','Index','index',''),('76','','Application','Admin','Index','login',''),('77','','Application','Admin','Index','theme',''),('78','','Application','Admin','Manage','index',''),('79','','Application','Admin','Manage','main',''),('80','','Application','Admin','Manage','logout',''),('81','','Application','Admin','Manage','fetch_module',''),('82','','Application','Admin','Manage','getAppName',''),('83','','Application','Admin','Manage','getGroup',''),('84','','Application','Admin','Manage','getModule',''),('85','','Application','Admin','Manage','getFunction',''),('86','','Application','Admin','Manage','theme',''),('87','','Application','Admin','Member','lists',''),('88','','Application','Admin','Member','detail',''),('89','','Application','Admin','Member','add',''),('90','','Application','Admin','Member','edit',''),('91','','Application','Admin','Member','search',''),('92','','Application','Admin','Member','delete',''),('93','','Application','Admin','Member','excute',''),('94','','Application','Admin','Member','packets',''),('95','','Application','Admin','Member','givepkt',''),('96','','Application','Admin','Member','showpkt',''),('97','','Application','Admin','Member','mnypackets',''),('98','','Application','Admin','Member','givemny','');/* MySQLReback Separation */
 /* 插入数据 `t_module` */
 INSERT INTO `t_module` VALUES ('99','','Application','Admin','Member','showmny','');/* MySQLReback Separation */
 /* 插入数据 `t_module` */
 INSERT INTO `t_module` VALUES ('100','','Application','Admin','Member','gift',''),('101','','Application','Admin','Member','cashlist',''),('102','','Application','Admin','Member','docash',''),('103','','Application','Admin','Member','uplist',''),('104','','Application','Admin','Member','transeList',''),('105','','Application','Admin','Member','feedlist',''),('106','','Application','Admin','Member','refeed',''),('107','','Application','Admin','Member','theme',''),('108','','Application','Admin','Menu','lists',''),('109','','Application','Admin','Menu','add',''),('110','','Application','Admin','Menu','edit',''),('111','','Application','Admin','Menu','selectAction',''),('112','','Application','Admin','Menu','del',''),('113','','Application','Admin','Menu','sortsingle',''),('114','','Application','Admin','Menu','execution',''),('115','','Application','Admin','Menu','theme',''),('116','','Application','Admin','Modul','lists',''),('117','','Application','Admin','Modul','add',''),('118','','Application','Admin','Modul','edit',''),('119','','Application','Admin','Modul','execution',''),('120','','Application','Admin','Modul','getBasicFields',''),('121','','Application','Admin','Modul','del',''),('122','','Application','Admin','Modul','checktoppsw',''),('123','','Application','Admin','Modul','fieldsMng',''),('124','','Application','Admin','Modul','fieldsAdd',''),('125','','Application','Admin','Modul','fieldsDel',''),('126','','Application','Admin','Modul','changestatus',''),('127','','Application','Admin','Modul','sortfield',''),('128','','Application','Admin','Modul','fieldsExcut',''),('129','','Application','Admin','Modul','theme',''),('130','','Application','Admin','Set','basic',''),('131','','Application','Admin','Set','savebasic',''),('132','','Application','Admin','Set','mail',''),('133','','Application','Admin','Set','savemail',''),('134','','Application','Admin','Set','theme',''),('135','','Application','Admin','Sys','icons',''),('136','','Application','Admin','Sys','logs',''),('137','','Application','Admin','Sys','logsdel',''),('138','','Application','Admin','Sys','logclear',''),('139','','Application','Admin','Sys','theme',''),('140','','Application','Admin','Total','lists',''),('141','','Application','Admin','Total','theme',''),('142','','Application','Admin','Usr','lists',''),('143','','Application','Admin','Usr','add',''),('144','','Application','Admin','Usr','edit',''),('145','','Application','Admin','Usr','del',''),('146','','Application','Admin','Usr','execution',''),('147','','Application','Admin','Usr','uploadpic',''),('148','','Application','Admin','Usr','roles',''),('149','','Application','Admin','Usr','addrole',''),('150','','Application','Admin','Usr','edtrole',''),('151','','Application','Admin','Usr','delrole',''),('152','','Application','Admin','Usr','roleaction',''),('153','','Application','Admin','Usr','authorset',''),('154','','Application','Admin','Usr','getAllChild',''),('155','','Application','Admin','Usr','authorupdate',''),('156','','Application','Admin','Usr','theme','');/* MySQLReback Separation */
 /* 创建表结构 `t_needmny` */
 DROP TABLE IF EXISTS `t_needmny`;/* MySQLReback Separation */ CREATE TABLE `t_needmny` (
  `id` int(10) NOT NULL AUTO_INCREMENT,
  `mid` int(12) NOT NULL COMMENT '会员ID',
  `mny` decimal(10,2) NOT NULL COMMENT '提现金额',
  `addtime` int(12) DEFAULT NULL COMMENT '申请时间',
  `status` int(2) NOT NULL DEFAULT '0' COMMENT '申请状态（0:申请中，1：受理中，2：已完成）',
  PRIMARY KEY (`id`)
) ENGINE=MyISAM AUTO_INCREMENT=20 DEFAULT CHARSET=utf8 COMMENT='现金提现申请表';/* MySQLReback Separation */
 /* 插入数据 `t_needmny` */
 INSERT INTO `t_needmny` VALUES ('12','92','50.00','1466866288','0'),('11','90','100.00','1466858265','0'),('10','3','20.00','1466654348','0'),('9','3','10.00','1466595709','0'),('8','82','50.00','1466594810','0'),('13','93','10.00','1466910156','1'),('14','86','50.00','1467010767','1'),('15','4','50.00','1467190401','1'),('16','5','10.00','1467646300','0'),('17','82','100.00','1467800547','0'),('18','122','-10.00','1468486652','0'),('19','122','10.00','1468486725','0');/* MySQLReback Separation */
 /* 创建表结构 `t_news` */
 DROP TABLE IF EXISTS `t_news`;/* MySQLReback Separation */ CREATE TABLE `t_news` (
  `id` int(10) NOT NULL AUTO_INCREMENT,
  `title` varchar(255) DEFAULT NULL COMMENT '标题',
  `thumb` varchar(255) DEFAULT NULL COMMENT '缩略图',
  `seo_title` varchar(255) DEFAULT NULL COMMENT 'SEO标题',
  `seo_des` text COMMENT 'SEO描述',
  `seo_key` varchar(255) DEFAULT NULL COMMENT 'SEO关键词',
  `description` text COMMENT '简述',
  `content` text COMMENT '内容',
  `hits` int(6) NOT NULL DEFAULT '0' COMMENT '点击数',
  `addtime` int(11) NOT NULL DEFAULT '0' COMMENT '发布时间',
  `editime` int(11) DEFAULT '0' COMMENT '编辑时间',
  `sort` int(11) DEFAULT '0' COMMENT '排序序号',
  `uid` int(11) DEFAULT NULL COMMENT '发布人ID',
  PRIMARY KEY (`id`)
) ENGINE=MyISAM AUTO_INCREMENT=27 DEFAULT CHARSET=utf8 COMMENT='新闻模型[创建模型时系统创建的表]';/* MySQLReback Separation */
 /* 插入数据 `t_news` */
 INSERT INTO `t_news` VALUES ('26','全民私包是什么？','','','','','','&lt;p style=&quot;margin-top: 0px; margin-bottom: 22px; padding: 0px; color: rgb(51, 51, 51); font-family: &amp;#39;Microsoft Yahei&amp;#39;, Simsun; font-size: 17px; white-space: normal;&quot;&gt;全民私包平台和非法传销的区别：很多人认为拉人头就是传销，我在这里跟大家解释一下 我们是通过商家赞助广告费用发私包给所有会员的，玩家之间可通过互助私包提升级别，达到交友、娱乐、赚钱的多重收益，至于朋友间私包本平台不参与任何资金往来。&lt;/p&gt;&lt;p style=&quot;margin-top: 0px; margin-bottom: 22px; padding: 0px; color: rgb(51, 51, 51); font-family: &amp;#39;Microsoft Yahei&amp;#39;, Simsun; font-size: 17px; white-space: normal;&quot;&gt;　　一、这是由一个非盈利的系统人助人的团体，不是买，更不是卖，没有任何层层加价的，而传销是层层加价，性质完全不一样。&lt;/p&gt;&lt;p style=&quot;margin-top: 0px; margin-bottom: 22px; padding: 0px; color: rgb(51, 51, 51); font-family: &amp;#39;Microsoft Yahei&amp;#39;, Simsun; font-size: 17px; white-space: normal;&quot;&gt;　　二、传销要向公司缴纳高额的会员费用，并有最高一层的“网头”管理控制。平台根本不需要缴纳任何入门费用，也没有任何人来管理资金，都是爱心天使之间互赠一些少量的升级费用，同时可以获得为下边爱心天使激活升级的资格，人人平等，只是加入的时间先后而已。&lt;/p&gt;&lt;p style=&quot;margin-top: 0px; margin-bottom: 22px; padding: 0px; color: rgb(51, 51, 51); font-family: &amp;#39;Microsoft Yahei&amp;#39;, Simsun; font-size: 17px; white-space: normal;&quot;&gt;　　三、传销是金字塔形状的；&lt;/p&gt;&lt;p style=&quot;margin-top: 0px; margin-bottom: 22px; padding: 0px; color: rgb(51, 51, 51); font-family: &amp;#39;Microsoft Yahei&amp;#39;, Simsun; font-size: 17px; white-space: normal;&quot;&gt;　　有上边塔尖的人不断的赚钱，其他下边的没钱可赚，制度为终身制的，而平台则人人平等，什么时候加入都是一样的收益，排队制，出局制，循环制，真正的公平、公正、公开、透明、科学、合理。&lt;/p&gt;&lt;p style=&quot;margin-top: 0px; margin-bottom: 22px; padding: 0px; color: rgb(51, 51, 51); font-family: &amp;#39;Microsoft Yahei&amp;#39;, Simsun; font-size: 17px; white-space: normal;&quot;&gt;　　四、传销是采用诱骗，洗脑，甚至强迫他人加入的，一般是亲戚骗亲戚，朋友骗朋友。平台则是规则透明，一定要先看懂，认同方可参与；如有看不懂、不明白的或者不相信等持有怀疑态度的朋友可以先观望，由始至终没有任何人去劝说过任何人加入，都是是自发自愿的爱心互助加入的。&lt;/p&gt;&lt;p&gt;&amp;nbsp; &amp;nbsp; &amp;nbsp; &amp;nbsp; &amp;nbsp; &amp;nbsp; &amp;nbsp; &amp;nbsp; &amp;nbsp; &amp;nbsp; &amp;nbsp; &amp;nbsp; &amp;nbsp; &amp;nbsp; &amp;nbsp; &amp;nbsp; &amp;nbsp; &amp;nbsp; &amp;nbsp; &amp;nbsp; &amp;nbsp; &amp;nbsp; &amp;nbsp; &amp;nbsp; &amp;nbsp; &amp;nbsp; &amp;nbsp; &amp;nbsp; &amp;nbsp; &amp;nbsp; &amp;nbsp; &amp;nbsp; &amp;nbsp; &amp;nbsp; &amp;nbsp; &amp;nbsp; &amp;nbsp; &amp;nbsp; &amp;nbsp; &amp;nbsp; &amp;nbsp; &amp;nbsp; &amp;nbsp; &amp;nbsp; &amp;nbsp; &amp;nbsp; &amp;nbsp; &amp;nbsp; &amp;nbsp; &amp;nbsp; &amp;nbsp; &amp;nbsp; &amp;nbsp; &amp;nbsp; &amp;nbsp; &amp;nbsp;全民推广部（宣）&lt;/p&gt;','0','1468340169','1468340499','0','1');/* MySQLReback Separation */
 /* 创建表结构 `t_packet` */
 DROP TABLE IF EXISTS `t_packet`;/* MySQLReback Separation */ CREATE TABLE `t_packet` (
  `ID` int(11) NOT NULL AUTO_INCREMENT,
  `UID` int(11) DEFAULT '0' COMMENT '系统管理员ID',
  `title` varchar(100) DEFAULT NULL COMMENT '红包赞助商',
  `logo` varchar(100) DEFAULT NULL COMMENT '赞助商LOGO',
  `papernum` int(11) DEFAULT '0' COMMENT '升级券数量',
  `nums` int(10) DEFAULT NULL COMMENT '红包个数',
  `stime` int(10) DEFAULT '0' COMMENT '发放时间',
  `smark` text COMMENT '备注',
  `now_papernum` int(11) DEFAULT '0' COMMENT '剩余券数量',
  `style` int(2) NOT NULL DEFAULT '1' COMMENT '红包类型(0:平均红包,1:随机红包)',
  `adid` int(11) DEFAULT '0' COMMENT '广告ID(0为随机广告)',
  `prandom` text COMMENT '红包随机数分布',
  PRIMARY KEY (`ID`)
) ENGINE=InnoDB AUTO_INCREMENT=23 DEFAULT CHARSET=utf8 COMMENT='升级券红包发送表';/* MySQLReback Separation */
 /* 插入数据 `t_packet` */
 INSERT INTO `t_packet` VALUES ('4','1','ccc','/Upload/image/20160621/1466514251.png','1000','50','1466479147','','880','1','3','5,9,12,13,15,16,16,18,20,20,22,23,24,25,25,26,26,27,28,28,29,30,30,29,28,28,27,26,25,25,24,22,20,20,18,17,16,16,15,14,12,7,4'),('5','1','ddd','/Upload/image/20160621/1466514251.png','600','30','1466479169','','432','1','2','9,15,19,21,22,25,25,26,28,28,28,26,25,24,22,21,20,18,16,12,2'),('6','1','EEEE','/Upload/image/20160621/1466514251.png','2400','100','1466480659','','2234','1','2','3,6,10,12,13,17,17,18,19,19,19,21,21,21,22,23,24,25,25,25,26,26,26,26,28,28,28,28,29,29,30,30,30,30,30,30,31,31,31,32,32,32,33,33,33,33,33,33,33,32,32,32,31,31,30,30,30,30,30,29.000000000002,29,28,28,28,28,27,27,26,26,26,26,25,25,24,24,22,22,21,20,19,19,18,18,17,17,16,14,13,13,10,4,3'),('7','1','大众汽车','/Upload/image/20160621/1466514251.png','180','20','1466514257','','115','1','1','4,8,12,13,14,13,13,12,11,9,5,1'),('8','1','深圳俊网','/Upload/image/20160621/1466520600.png','38','5','1466520625','深圳俊网祝大家年年大发','0','1','3',''),('9','1','腾讯集团','/Upload/image/20160628/1467112057.png','100','10','1467112066','','51','1','3','11,14,14,9,3'),('10','1','大洋百货','/Upload/image/20160629/1467130732.png','60','15','1467130735','','60','1','3','2,2,3,4,5,5,5,6,6,5,5,4,3,3,2'),('19','1','全民私包','/Upload/image/20160629/1467164254.png','200','20','1467164259','','122','1','1','4,9,9,10,11,11,14,15,14,9,9,7'),('20','1','剑哥集团','/Upload/image/20160706/1467805124.png','100','100','1467785556','321','96','1','1','0,0,0,0,0,0,0,1,1,1,1,1,1,1,1,1,1,1,1,1,1,1,1,1,1,1,1,1,1,1,1,1,1,1,1,1,1,1,1,1,1,1,1,2,2,11,2,2,2,2,1,1,1,1,1,1,1,1,1,1,1,1,1,1,1,1,1,1,1,1,1,1,1,1,1,1,1,1,1,1,1,1,1,1,1,1,1,0,0,0,0,0,0,0,0,0'),('21','1','爱奇艺','/Upload/image/20160706/1467805124.png','100','10','1467805258','','0','1','5',''),('22','1','大疆无人机','/Upload/image/20160707/1467864138.png','100','10','1467864144','','0','1','3','');/* MySQLReback Separation */
 /* 创建表结构 `t_packetlist` */
 DROP TABLE IF EXISTS `t_packetlist`;/* MySQLReback Separation */ CREATE TABLE `t_packetlist` (
  `id` int(11) NOT NULL AUTO_INCREMENT,
  `types` varchar(20) NOT NULL COMMENT '红包类型ID（0为升级券红包，1为现金红包）',
  `pid` int(12) NOT NULL COMMENT '红包ID',
  `addtime` int(12) NOT NULL COMMENT '发放时间',
  PRIMARY KEY (`id`)
) ENGINE=MyISAM AUTO_INCREMENT=38 DEFAULT CHARSET=utf8 COMMENT='红包发放表（多种红包统一记录）';/* MySQLReback Separation */
 /* 插入数据 `t_packetlist` */
 INSERT INTO `t_packetlist` VALUES ('13','mnypacket','7','1466480673'),('12','packet','6','1466480659'),('11','packet','5','1466479169'),('10','packet','4','1466479147'),('9','mnypacket','6','1466479129'),('8','mnypacket','5','1466479112'),('14','mnypacket','8','1466480703'),('15','packet','7','1466514257'),('16','packet','8','1466520625'),('17','mnypacket','9','1467111867'),('18','packet','9','1467112066'),('19','mnypacket','10','1467113822'),('20','mnypacket','11','1467125111'),('21','mnypacket','12','1467125139'),('22','mnypacket','13','1467125464'),('37','packet','22','1467864144'),('36','packet','21','1467805258'),('35','mnypacket','15','1467804110'),('34','packet','20','1467785556'),('33','mnypacket','14','1467785466'),('32','packet','19','1467164259');/* MySQLReback Separation */
 /* 创建表结构 `t_packetnow` */
 DROP TABLE IF EXISTS `t_packetnow`;/* MySQLReback Separation */ CREATE TABLE `t_packetnow` (
  `ID` int(11) NOT NULL AUTO_INCREMENT,
  `acceptID` int(11) DEFAULT '0' COMMENT '接受人ID',
  `papernum` int(11) DEFAULT '0' COMMENT '升级券数量',
  `stime` int(10) DEFAULT '0' COMMENT '抢券时间',
  `pid` int(11) NOT NULL COMMENT '红包ID',
  PRIMARY KEY (`ID`)
) ENGINE=InnoDB AUTO_INCREMENT=76 DEFAULT CHARSET=utf8 COMMENT='红包接受表';/* MySQLReback Separation */
 /* 插入数据 `t_packetnow` */
 INSERT INTO `t_packetnow` VALUES ('2','6','23','1466479920','5'),('3','5','9','1466479934','5'),('4','4','11','1466479938','5'),('5','3','25','1466479942','5'),('6','5','11','1466501402','4'),('7','5','31','1466501530','6'),('8','5','6','1466514582','7'),('9','5','6','1466520949','8'),('10','3','8','1466561929','8'),('11','3','18','1466561978','4'),('12','3','14','1466562099','6'),('13','3','7','1466569982','7'),('14','4','4','1466570219','8'),('15','4','13','1466570255','7'),('16','4','21','1466570305','6'),('17','4','17','1466570323','4'),('18','82','12','1466580589','8'),('19','82','12','1466580604','7'),('20','82','27','1466580706','6'),('21','82','28','1466580719','5'),('22','82','14','1466580732','4'),('23','93','8','1466678413','8'),('24','93','13','1466678609','7'),('25','93','11','1466679009','6'),('26','93','14','1466679121','4'),('27','93','18','1466679157','5'),('28','90','2','1466760461','7'),('29','90','16','1466760508','6'),('30','90','15','1466798059','5'),('31','90','23','1466858111','4'),('32','92','2','1466859100','7'),('33','92','30','1466860614','6'),('34','92','15','1466866325','5'),('35','86','10','1466930312','7'),('36','86','16','1466930341','6'),('37','86','24','1466930351','5'),('38','86','23','1466930359','4'),('39','4','12','1467112083','9'),('40','82','12','1467112304','9'),('41','97','8','1467113097','9'),('42','4','11','1467173029','19'),('43','3','11','1467190444','19'),('44','3','8','1467212318','9'),('45','5','13','1467424742','19'),('46','5','9','1467629332','9'),('47','103','11','1467706218','19'),('48','107','8','1467720209','19'),('49','109','1','1467724006','19'),('50','82','8','1467726535','19'),('51','107','1','1467785643','20'),('52','103','0','1467789275','20'),('53','82','1','1467797201','20'),('54','111','15','1467801086','19'),('55','102','2','1467803283','20'),('56','103','14','1467806470','21'),('57','3','10','1467865338','22'),('58','107','14','1467881280','21'),('59','107','10','1467881337','22'),('60','109','10','1467893804','22'),('61','4','10','1467904221','22'),('62','4','4','1467904250','21'),('63','112','8','1467910375','21'),('64','112','10','1467910417','22'),('65','103','10','1467951796','22'),('66','111','10','1467951967','22'),('67','111','6','1467951995','21'),('68','116','10','1467952404','22'),('69','116','16','1467952648','21'),('70','97','10','1467955532','22'),('71','97','11','1467955547','21'),('72','3','6','1468333136','21'),('73','92','10','1468397134','22'),('74','108','10','1468486809','21'),('75','109','11','1468497146','21');/* MySQLReback Separation */
 /* 创建表结构 `t_papertrans` */
 DROP TABLE IF EXISTS `t_papertrans`;/* MySQLReback Separation */ CREATE TABLE `t_papertrans` (
  `ID` int(11) NOT NULL AUTO_INCREMENT,
  `fromid` int(10) DEFAULT '0' COMMENT '发起人ID',
  `toid` int(10) DEFAULT '0' COMMENT '接受人ID',
  `papernum` int(10) DEFAULT '0' COMMENT '转移升级券张数',
  `fromtime` int(10) DEFAULT '0' COMMENT '发起时间',
  `mark` text COMMENT '备注',
  PRIMARY KEY (`ID`)
) ENGINE=InnoDB AUTO_INCREMENT=17 DEFAULT CHARSET=utf8 COMMENT='升级券转移表';/* MySQLReback Separation */
 /* 插入数据 `t_papertrans` */
 INSERT INTO `t_papertrans` VALUES ('1','82','1464682815','10','1466593881',''),('2','82','1464682815','10','1466593916',''),('3','82','1464682815','10','1466594040',''),('4','82','1464682815','20','1466594155',''),('5','82','1464682815','20','1466594163',''),('6','3','1464778609','20','1466594945',''),('7','3','1464778609','20','1466594985',''),('8','3','1464778609','10','1466664173',''),('9','86','1464778786','10','1467021425',''),('10','86','1464778786','10','1467021463',''),('11','4','1467098301','10','1467101188',''),('12','5','1464778786','10','1467646590',''),('13','93','1464685147','15','1467647532',''),('14','93','1464685147','15','1467647581',''),('15','93','1464685147','10','1467647689',''),('16','93','1464685147','10','1467687628','');/* MySQLReback Separation */
 /* 创建表结构 `t_pics` */
 DROP TABLE IF EXISTS `t_pics`;/* MySQLReback Separation */ CREATE TABLE `t_pics` (
  `id` int(4) NOT NULL AUTO_INCREMENT,
  `tid` int(4) NOT NULL COMMENT '类别ID，关联自t_type',
  `cid` int(4) NOT NULL COMMENT '频道ID，关联自t_channel',
  `title` varchar(200) NOT NULL COMMENT '标题',
  `thumb` varchar(200) DEFAULT NULL COMMENT '缩略图',
  `pics` text COMMENT '图片集，各路径以“|”隔开',
  `keywords` varchar(200) DEFAULT NULL COMMENT '关键字',
  `description` text COMMENT '描述',
  `commend` int(4) NOT NULL DEFAULT '0' COMMENT '推荐类型。0为不推荐，1为推荐，可视项目需求另行设置更多',
  `url` varchar(200) DEFAULT NULL COMMENT '文章路径',
  `wrtime` varchar(20) NOT NULL COMMENT '发布时间，以10位时间戳存储',
  `hits` int(10) NOT NULL COMMENT '点击数量',
  `content` text COMMENT '文章正文，以URL编码后保存',
  `sort` int(4) DEFAULT NULL COMMENT '排序序号',
  PRIMARY KEY (`id`)
) ENGINE=MyISAM DEFAULT CHARSET=utf8 COMMENT='图片集数据表';/* MySQLReback Separation */
 /* 创建表结构 `t_role` */
 DROP TABLE IF EXISTS `t_role`;/* MySQLReback Separation */ CREATE TABLE `t_role` (
  `id` int(4) NOT NULL AUTO_INCREMENT,
  `name` varchar(200) NOT NULL COMMENT '角色名称',
  `des` text COMMENT '角色说明',
  PRIMARY KEY (`id`)
) ENGINE=MyISAM AUTO_INCREMENT=8 DEFAULT CHARSET=utf8 COMMENT='系统角色表';/* MySQLReback Separation */
 /* 插入数据 `t_role` */
 INSERT INTO `t_role` VALUES ('1','系统管理员','系统最高权限管理员'),('6','会员管理员',''),('7','统计管理员','');/* MySQLReback Separation */
 /* 创建表结构 `t_shengji` */
 DROP TABLE IF EXISTS `t_shengji`;/* MySQLReback Separation */ CREATE TABLE `t_shengji` (
  `ID` int(11) NOT NULL AUTO_INCREMENT,
  `fromid` int(11) DEFAULT '0' COMMENT '发起人ID',
  `toid` int(11) DEFAULT '0' COMMENT '接受人ID',
  `fromtime` int(10) DEFAULT '0' COMMENT '发起时间',
  `levelto` int(2) DEFAULT '0' COMMENT '目标等级',
  `totime` int(10) DEFAULT '0' COMMENT '审核时间',
  `mark` text COMMENT '备注',
  `status` tinyint(2) DEFAULT '0' COMMENT '审核状态(0-待审核，1-通过，2-未通过）',
  PRIMARY KEY (`ID`)
) ENGINE=InnoDB AUTO_INCREMENT=63 DEFAULT CHARSET=utf8 COMMENT='申请记录表';/* MySQLReback Separation */
 /* 插入数据 `t_shengji` */
 INSERT INTO `t_shengji` VALUES ('13','93','90','1466691769','1','1467324311','','0'),('30','4','0','1466860210','1','1466424311','','0'),('34','90','86','1466864242','1','1467424311','','1'),('35','92','86','1466945235','1','1467424311','','1'),('36','5','4','1467370720','1','1467424311','','1'),('37','107','103','1467710618','1','1467712882','','1'),('38','107','103','1467720232','2','1467720454','','1'),('39','107','103','1467720690','3','1467721121','','1'),('40','108','107','1467720928','1','1467721016','','1'),('41','108','103','1467721203','2','1467721243','','1'),('42','108','103','1467721504','3','1467721643','','1'),('43','108','103','1467721678','4','1467721730','','1'),('44','108','103','1467721747','5','1467721770','','1'),('45','109','108','1467722195','1','1467722263','','1'),('46','109','107','1467722287','2','1467722315','','1'),('47','109','103','1467779692','3','1467779819','','1'),('48','111','109','1467785995','1','1467786121','','1'),('49','100','85','1467800731','1','0','','0'),('50','102','85','1467800835','1','1468411258','','1'),('51','112','111','1467800927','1','1467801156','','1'),('52','112','109','1467820863','2','1467906890','','1'),('53','109','103','1467821139','4','1467821175','','1'),('54','109','103','1467821206','5','1467821238','','1'),('55','111','108','1467866424','2','1467907081','','1'),('56','112','108','1467906942','3','1467907178','','1'),('57','111','107','1468244441','3','1468244485','','1'),('58','111','103','1468244763','4','1468244800','','1'),('59','111','103','1468297546','5','0','','0'),('60','117','112','1468405872','1','0','','0'),('61','121','120','1468485319','0','0','','0'),('62','120','120','1468485334','0','0','','0');/* MySQLReback Separation */
 /* 创建表结构 `t_tempdb` */
 DROP TABLE IF EXISTS `t_tempdb`;/* MySQLReback Separation */ CREATE TABLE `t_tempdb` (
  `id` int(4) NOT NULL AUTO_INCREMENT,
  `value1` text,
  `value2` text,
  `value3` text,
  `value4` text,
  `value5` text,
  `value6` text,
  `value7` text,
  `value8` text,
  `value9` text,
  `value10` text,
  `value11` text,
  `value12` text,
  `value13` text,
  `value14` text,
  PRIMARY KEY (`id`)
) ENGINE=MyISAM AUTO_INCREMENT=4 DEFAULT CHARSET=utf8 COMMENT='临时表，用于测试';/* MySQLReback Separation */
 /* 插入数据 `t_tempdb` */
 INSERT INTO `t_tempdb` VALUES ('3','oKKcev62noUBHSjHSfEtZP6FaJQ8','观海听涛风无语','http://wx.qlogo.cn/mmopen/PiajxSqBRaEKsu2Pn52jJia7qFzF5WeVCibww44Dh9RjSahZNfm37UvicjhStibAzf7WxKyibicK4wQM9ntxParchicHqw/0','o2QBHv7x4x-DQYWzQQOm9imJRnt0','865982021703577','Api','User','addtemp','','','','','','');/* MySQLReback Separation */
 /* 创建表结构 `t_type` */
 DROP TABLE IF EXISTS `t_type`;/* MySQLReback Separation */ CREATE TABLE `t_type` (
  `id` int(4) NOT NULL AUTO_INCREMENT,
  `name` varchar(20) NOT NULL COMMENT '类别名',
  `typeblong` varchar(200) NOT NULL COMMENT '归属模型，暂设news，product,video,download等',
  PRIMARY KEY (`id`)
) ENGINE=MyISAM DEFAULT CHARSET=utf8;/* MySQLReback Separation */
 /* 创建表结构 `t_user` */
 DROP TABLE IF EXISTS `t_user`;/* MySQLReback Separation */ CREATE TABLE `t_user` (
  `id` int(4) NOT NULL AUTO_INCREMENT,
  `username` varchar(200) NOT NULL COMMENT '用户名',
  `nickname` varchar(200) DEFAULT NULL COMMENT '用户昵称',
  `password` varchar(200) NOT NULL COMMENT '密码',
  `rid` int(4) NOT NULL COMMENT '角色ID，关联自t_role表',
  `status` int(4) NOT NULL DEFAULT '1' COMMENT '状态。1为正常，0为禁用',
  `logins` int(10) NOT NULL COMMENT '登录次数',
  `lasttime` varchar(20) NOT NULL COMMENT '上次登录时间,10时间戳',
  `thistime` varchar(12) NOT NULL COMMENT '本次登录时间',
  `lastip` varchar(20) NOT NULL COMMENT '上次登录IP，由函数转换为数字格式',
  `thisip` varchar(12) NOT NULL COMMENT '本次登录IP',
  `photo` varchar(50) DEFAULT NULL COMMENT '头像地址',
  PRIMARY KEY (`id`)
) ENGINE=MyISAM AUTO_INCREMENT=9 DEFAULT CHARSET=utf8 COMMENT='管理员表';/* MySQLReback Separation */
 /* 插入数据 `t_user` */
 INSERT INTO `t_user` VALUES ('1','admin','超级管理员','77e2edcc9b40441200e31dc57dbb8829','0','1','252','1468611836','1468815734','1008619982','3071158385',''),('7','mem1','会员管理员1','c56d0e9a7ccec67b4ea131655038d604','6','1','0','','','','',''),('8','total1','统计管理员1','c56d0e9a7ccec67b4ea131655038d604','7','1','0','','','','','');/* MySQLReback Separation */
 /* 创建表结构 `t_webs` */
 DROP TABLE IF EXISTS `t_webs`;/* MySQLReback Separation */ CREATE TABLE `t_webs` (
  `id` int(4) NOT NULL AUTO_INCREMENT,
  `tid` int(4) NOT NULL COMMENT '类别ID，关联自t_type',
  `cid` int(4) NOT NULL COMMENT '频道ID，关联自t_channel',
  `title` varchar(200) NOT NULL COMMENT '标题',
  `thumb` varchar(200) DEFAULT NULL COMMENT '缩略图',
  `keywords` varchar(200) DEFAULT NULL COMMENT '关键字',
  `description` text COMMENT '描述',
  `commend` int(4) NOT NULL DEFAULT '0' COMMENT '推荐类型。0为不推荐，1为推荐，可视项目需求另行设置更多',
  `url` varchar(200) DEFAULT NULL COMMENT '文章路径',
  `wrtime` varchar(20) NOT NULL COMMENT '发布时间，以10位时间戳存储',
  `hits` int(10) NOT NULL COMMENT '点击数量',
  `content` text COMMENT '文章正文，以URL编码后保存',
  `sort` int(4) DEFAULT NULL COMMENT '排序序号',
  PRIMARY KEY (`id`)
) ENGINE=MyISAM DEFAULT CHARSET=utf8 COMMENT='单页数据表';/* MySQLReback Separation */